Max_BPM,Avg_BPM,Resting_BPM,Age,Fat_Percentage,HR_Reserve,BPM_Range,Intensity_Score
180,157,60,56,12.6,120,23,87.22222222222223
179,151,66,46,33.9,113,28,84.35754189944134
167,122,54,32,33.4,113,45,73.05389221556887
190,164,56,25,28.8,134,26,86.31578947368422
188,158,68,38,29.2,120,30,84.04255319148936
168,156,74,56,15.5,94,12,92.85714285714286
174,169,73,36,21.3,101,5,97.12643678160919
189,141,64,40,30.6,125,48,74.60317460317461
185,127,52,28,28.9,133,58,68.64864864864865
169,136,64,28,29.7,105,33,80.4733727810651
188,146,54,41,20.5,134,42,77.6595744680851
175,152,72,53,23.6,103,23,86.85714285714286
195,165,61,57,22.1,134,30,84.61538461538461
179,136,69,41,27.6,110,43,75.97765363128491
196,161,54,20,26.4,142,35,82.14285714285714
181,131,52,39,26.2,129,50,72.37569060773481
166,167,58,19,29.8,108,-1,100.60240963855422
182,165,58,41,31.9,124,17,90.65934065934066
199,146,56,47,32.8,143,53,73.36683417085426
188,167,51,55,25.2,137,21,88.82978723404256
175,127,72,19,28.9,103,48,72.57142857142857
197,142,72,38,25.7,125,55,72.08121827411168
187,161,70,50,33.1,117,26,86.09625668449198
197,168,65,29,28.1,132,29,85.27918781725889
190,148,58,39,26.9,132,42,77.89473684210526
173,169,62,42,26.1,111,4,97.6878612716763
192,139,68,44,27.2,124,53,72.39583333333334
168,135,69,59,21.6,99,33,80.35714285714286
186,136,66,45,14.2,120,50,73.11827956989248
183,135,55,33,32.3,128,48,73.77049180327869
172,138,53,32,28.4,119,34,80.23255813953489
185,127,50,20,28.0,135,58,68.64864864864865
188,157,67,54,28.2,121,31,83.51063829787235
187,157,68,24,31.7,119,30,83.9572192513369
187,148,58,38,10.2,129,39,79.14438502673798
167,160,62,26,27.3,105,7,95.80838323353294
182,155,57,56,33.4,125,27,85.16483516483517
188,145,72,35,24.2,116,43,77.12765957446808
164,150,62,21,27.6,102,14,91.46341463414635
166,163,64,42,21.7,102,3,98.19277108433735
195,131,60,31,28.2,135,64,67.17948717948717
186,136,61,26,34.7,125,50,73.11827956989248
161,134,63,43,29.9,98,27,83.22981366459628
184,128,53,19,30.1,131,56,69.56521739130434
168,158,50,37,29.3,118,10,94.04761904761905
186,161,73,45,25.2,113,25,86.55913978494624
160,167,53,24,22.9,107,-7,104.375
182,131,68,25,22.7,114,51,71.97802197802197
169,151,58,52,34.3,111,18,89.3491124260355
184,144,59,31,26.7,125,40,78.26086956521739
162,158,53,34,30.8,109,4,97.53086419753086
165,137,69,53,12.8,96,28,83.03030303030303
165,134,58,57,27.4,107,31,81.21212121212122
161,151,62,21,25.0,99,10,93.7888198757764
177,125,61,19,27.7,116,52,70.62146892655367
182,163,60,23,21.7,122,19,89.56043956043956
161,162,61,59,31.2,100,-1,100.62111801242236
171,154,67,21,32.2,104,17,90.05847953216374
181,153,61,46,17.8,120,28,84.5303867403315
196,157,65,35,32.4,131,39,80.10204081632652
179,124,54,43,26.4,125,55,69.27374301675978
198,137,69,51,33.8,129,61,69.1919191919192
183,135,74,27,12.9,109,48,73.77049180327869
179,127,61,53,21.3,118,52,70.94972067039106
160,144,70,31,17.3,90,16,90.0
160,151,74,48,33.4,86,9,94.375
176,145,60,32,14.5,116,31,82.38636363636364
160,141,58,25,27.6,102,19,88.125
189,150,67,31,18.6,122,39,79.36507936507937
162,162,74,40,21.0,88,0,100.0
170,129,52,57,15.2,118,41,75.88235294117646
183,131,69,38,30.6,114,52,71.58469945355192
181,147,66,33,31.9,115,34,81.21546961325967
185,125,63,35,28.0,122,60,67.56756756756756
172,139,50,41,23.4,122,33,80.81395348837209
160,124,66,43,20.1,94,36,77.5
183,142,74,42,29.8,109,41,77.59562841530054
169,128,57,58,25.2,112,41,75.7396449704142
194,148,54,46,20.9,140,46,76.28865979381443
183,135,54,32,16.6,129,48,73.77049180327869
187,165,58,18,29.4,129,22,88.23529411764706
195,141,52,42,16.4,143,54,72.3076923076923
175,127,68,24,30.8,107,48,72.57142857142857
199,139,72,26,25.6,127,60,69.84924623115577
175,133,58,41,21.4,117,42,76.0
176,158,71,18,32.0,105,18,89.77272727272727
174,156,67,25,21.4,107,18,89.65517241379311
175,169,65,41,31.4,110,6,96.57142857142857
174,153,50,28,20.5,124,21,87.93103448275862
193,130,51,34,29.1,142,63,67.35751295336787
170,159,63,25,10.9,107,11,93.52941176470588
160,152,63,52,15.5,97,8,95.0
174,150,50,52,25.7,124,24,86.20689655172413
185,163,74,50,34.3,111,22,88.10810810810811
163,153,65,22,20.5,98,10,93.86503067484662
164,169,64,59,29.2,100,-5,103.04878048780488
194,126,64,56,27.1,130,68,64.94845360824742
172,168,61,58,24.6,111,4,97.67441860465115
169,142,65,45,33.1,104,27,84.02366863905326
170,165,63,24,15.9,107,5,97.05882352941177
177,126,73,26,29.6,104,51,71.1864406779661
193,144,64,25,28.9,129,49,74.61139896373057
198,122,72,29,23.4,126,76,61.61616161616161
182,157,64,51,28.7,118,25,86.26373626373626
166,139,68,50,25.6,98,27,83.73493975903614
198,153,57,40,17.6,141,45,77.27272727272727
162,168,51,41,27.3,111,-6,103.7037037037037
171,163,51,54,12.9,120,8,95.32163742690058
166,163,59,52,26.6,107,3,98.19277108433735
185,149,52,57,31.7,133,36,80.54054054054053
192,136,72,39,26.3,120,56,70.83333333333334
196,129,66,44,33.1,130,67,65.81632653061224
174,154,57,52,14.9,117,20,88.50574712643679
161,139,72,18,11.9,89,22,86.33540372670807
166,137,53,52,24.4,113,29,82.53012048192771
191,164,63,54,20.5,128,27,85.86387434554975
163,163,70,31,25.1,93,0,100.0
179,146,59,20,14.6,120,33,81.56424581005587
195,168,50,18,21.3,145,27,86.15384615384616
191,155,53,22,29.5,138,36,81.15183246073299
187,142,50,43,28.2,137,45,75.93582887700535
172,151,66,31,28.9,106,21,87.79069767441861
160,129,66,56,25.2,94,31,80.625
194,130,56,44,25.7,138,64,67.0103092783505
189,157,72,26,13.3,117,32,83.06878306878306
195,125,69,32,29.6,126,70,64.1025641025641
184,160,64,32,31.0,120,24,86.95652173913044
175,166,62,43,17.8,113,9,94.85714285714286
178,153,51,59,20.1,127,25,85.95505617977528
160,155,68,30,10.4,92,5,96.875
164,156,73,49,30.8,91,8,95.1219512195122
181,136,62,56,29.4,119,45,75.13812154696133
183,159,73,49,14.3,110,24,86.88524590163934
196,159,60,21,29.8,136,37,81.12244897959184
195,131,71,47,30.3,124,64,67.17948717948717
195,140,64,54,27.9,131,55,71.7948717948718
163,159,59,40,33.4,104,4,97.54601226993866
195,138,58,56,26.5,137,57,70.76923076923077
177,122,58,32,28.4,119,55,68.92655367231639
175,137,69,46,17.3,106,38,78.28571428571428
177,138,50,53,28.6,127,39,77.96610169491525
181,166,66,30,28.0,115,15,91.71270718232044
161,125,61,49,29.2,100,36,77.63975155279503
180,135,59,24,27.3,121,45,75.0
195,127,54,39,27.5,141,68,65.12820512820512
198,167,67,45,13.2,131,31,84.34343434343434
198,137,64,19,32.5,134,61,69.1919191919192
188,167,55,59,24.4,133,21,88.82978723404256
185,162,56,23,29.3,129,23,87.56756756756758
180,158,66,45,31.3,114,22,87.77777777777777
176,168,55,45,22.9,121,8,95.45454545454545
175,168,57,37,26.4,118,7,96.0
190,131,61,47,16.4,129,59,68.94736842105263
168,164,70,28,27.9,98,4,97.61904761904762
190,129,63,45,24.0,127,61,67.89473684210526
173,126,61,42,28.5,112,47,72.83236994219652
196,165,72,56,30.0,124,31,84.18367346938776
161,120,59,50,31.8,102,41,74.53416149068323
173,168,71,18,23.9,102,5,97.10982658959537
192,155,69,44,27.6,123,37,80.72916666666666
194,140,64,30,29.5,130,54,72.16494845360825
198,156,56,58,26.0,142,42,78.78787878787878
179,143,58,20,29.3,121,36,79.88826815642457
161,144,59,56,11.0,102,17,89.44099378881988
178,126,59,23,10.7,119,52,70.78651685393258
196,161,65,25,33.6,131,35,82.14285714285714
177,136,56,44,18.4,121,41,76.8361581920904
175,148,54,26,26.9,121,27,84.57142857142857
163,149,72,54,27.7,91,14,91.41104294478528
171,126,52,50,28.0,119,45,73.68421052631578
188,152,67,59,24.5,121,36,80.85106382978722
166,126,60,41,26.7,106,40,75.90361445783132
173,143,64,32,11.6,109,30,82.65895953757226
171,130,70,49,28.8,101,41,76.0233918128655
194,128,69,49,29.9,125,66,65.97938144329896
164,131,54,41,22.5,110,33,79.8780487804878
176,154,73,58,17.5,103,22,87.5
191,123,61,29,33.4,130,68,64.3979057591623
169,155,53,56,27.4,116,14,91.71597633136095
176,147,64,19,29.2,112,29,83.52272727272727
164,132,58,20,26.2,106,32,80.48780487804879
168,142,56,54,12.4,112,26,84.52380952380952
192,138,59,34,17.3,133,54,71.875
195,161,72,19,23.6,123,34,82.56410256410255
195,156,62,19,12.9,133,39,80.0
177,158,57,45,26.2,120,19,89.26553672316385
168,143,61,40,18.3,107,25,85.11904761904762
188,135,71,54,20.7,117,53,71.80851063829788
173,152,73,49,31.3,100,21,87.86127167630057
184,131,68,50,29.5,116,53,71.19565217391305
174,153,50,18,25.4,124,21,87.93103448275862
165,126,65,36,27.2,100,39,76.36363636363637
188,130,71,19,30.6,117,58,69.14893617021278
174,150,66,43,28.5,108,24,86.20689655172413
188,148,74,49,34.3,114,40,78.72340425531915
163,132,67,23,26.8,96,31,80.98159509202453
177,150,60,49,29.4,117,27,84.7457627118644
198,121,67,21,12.0,131,77,61.111111111111114
175,158,56,28,24.1,119,17,90.28571428571428
170,134,67,34,21.3,103,36,78.82352941176471
173,130,57,55,28.1,116,43,75.14450867052022
162,153,55,41,15.2,107,9,94.44444444444444
197,158,56,22,30.3,141,39,80.20304568527918
177,123,72,51,31.6,105,54,69.49152542372882
179,130,71,23,11.0,108,49,72.62569832402235
184,148,59,39,19.5,125,36,80.43478260869566
197,121,60,28,28.4,137,76,61.42131979695431
172,135,74,33,29.7,98,37,78.48837209302324
163,158,62,50,24.1,101,5,96.93251533742331
173,132,58,26,11.2,115,41,76.30057803468208
192,156,56,23,32.3,136,36,81.25
187,136,58,33,26.3,129,51,72.72727272727273
196,140,62,46,18.4,134,56,71.42857142857143
167,163,52,20,33.4,115,4,97.60479041916167
193,138,52,37,22.3,141,55,71.50259067357513
164,126,50,53,33.7,114,38,76.82926829268293
164,157,70,36,25.3,94,7,95.73170731707317
190,127,69,43,34.1,121,63,66.84210526315789
168,132,51,20,21.2,117,36,78.57142857142857
191,156,74,36,26.5,117,35,81.67539267015707
192,121,52,37,27.5,140,71,63.020833333333336
162,160,64,49,14.2,98,2,98.76543209876543
189,130,73,24,30.1,116,59,68.78306878306879
171,143,55,58,10.7,116,28,83.62573099415205
188,125,62,50,25.7,126,63,66.48936170212765
162,145,70,57,12.0,92,17,89.50617283950618
185,126,50,56,26.6,135,59,68.10810810810811
189,158,69,35,33.8,120,31,83.5978835978836
168,138,68,57,29.1,100,30,82.14285714285714
185,125,50,18,16.4,135,60,67.56756756756756
161,162,70,28,20.1,91,-1,100.62111801242236
162,148,71,45,30.7,91,14,91.35802469135803
163,162,51,42,29.0,112,1,99.38650306748467
184,158,64,40,16.9,120,26,85.86956521739131
172,121,63,48,21.8,109,51,70.34883720930233
198,138,68,47,24.3,130,60,69.6969696969697
194,123,60,59,29.8,134,71,63.4020618556701
182,125,64,52,16.5,118,57,68.68131868131869
168,168,55,24,31.0,113,0,100.0
161,156,69,33,32.8,92,5,96.8944099378882
190,147,58,43,27.5,132,43,77.36842105263158
161,149,54,19,23.3,107,12,92.54658385093167
191,126,69,18,31.1,122,65,65.96858638743456
177,128,51,29,28.7,126,49,72.31638418079096
172,144,55,22,20.2,117,28,83.72093023255815
164,152,67,54,24.4,97,12,92.6829268292683
169,120,72,49,22.2,97,49,71.00591715976331
184,125,68,26,28.9,116,59,67.93478260869566
193,137,58,58,24.2,135,56,70.98445595854922
196,129,70,52,27.5,126,67,65.81632653061224
189,147,73,36,20.9,116,42,77.77777777777779
166,130,55,33,25.1,111,36,78.3132530120482
165,152,63,20,30.6,102,13,92.12121212121212
162,120,73,37,29.9,89,42,74.07407407407408
172,132,62,41,27.3,110,40,76.74418604651163
162,156,60,50,23.8,102,6,96.29629629629629
185,139,61,41,14.7,124,46,75.13513513513513
183,120,68,28,24.8,115,63,65.57377049180327
165,122,68,25,25.7,97,43,73.93939393939394
171,137,70,53,28.3,101,34,80.11695906432749
195,160,68,55,27.8,127,35,82.05128205128204
161,133,73,57,20.8,88,28,82.6086956521739
170,150,62,37,32.1,108,20,88.23529411764706
198,146,63,52,29.8,135,52,73.73737373737373
193,136,73,42,29.0,120,57,70.46632124352331
185,165,67,52,34.8,118,20,89.1891891891892
177,148,61,42,29.0,116,29,83.61581920903954
180,155,53,46,17.1,127,25,86.11111111111111
195,156,59,35,29.1,136,39,80.0
199,145,66,35,16.6,133,54,72.8643216080402
181,136,53,19,32.8,128,45,75.13812154696133
189,141,61,52,27.6,128,48,74.60317460317461
189,144,62,33,29.8,127,45,76.19047619047619
167,121,53,58,25.4,114,46,72.45508982035929
193,141,59,53,16.5,134,52,73.05699481865285
168,124,74,50,22.9,94,44,73.80952380952381
179,123,52,21,19.1,127,56,68.71508379888269
199,155,64,50,20.9,135,44,77.88944723618091
184,125,51,31,19.0,133,59,67.93478260869566
178,140,74,38,26.7,104,38,78.65168539325843
164,132,74,37,27.3,90,32,80.48780487804879
170,156,66,25,29.3,104,14,91.76470588235294
174,144,55,24,31.8,119,30,82.75862068965517
167,145,57,20,26.1,110,22,86.82634730538922
178,158,52,34,32.7,126,20,88.76404494382022
182,139,74,50,12.2,108,43,76.37362637362637
186,152,67,29,24.7,119,34,81.72043010752688
199,133,71,39,26.4,128,66,66.83417085427136
191,155,50,39,21.1,141,36,81.15183246073299
185,136,65,47,24.4,120,49,73.51351351351352
186,140,56,55,34.7,130,46,75.26881720430107
178,165,52,55,20.4,126,13,92.69662921348315
188,135,72,25,23.2,116,53,71.80851063829788
198,165,53,44,28.1,145,33,83.33333333333334
192,135,58,44,26.3,134,57,70.3125
178,139,54,51,26.1,124,39,78.08988764044943
196,148,68,38,31.3,128,48,75.51020408163265
178,147,64,47,26.0,114,31,82.58426966292134
192,127,57,50,20.9,135,65,66.14583333333334
175,143,55,45,27.3,120,32,81.71428571428572
182,122,67,50,23.2,115,60,67.03296703296702
166,144,68,22,19.9,98,22,86.74698795180723
185,138,73,36,20.4,112,47,74.5945945945946
191,152,64,21,17.2,127,39,79.58115183246073
171,121,56,52,21.1,115,50,70.76023391812866
167,134,59,34,28.5,108,33,80.23952095808383
164,141,55,45,30.0,109,23,85.97560975609755
187,129,63,47,14.4,124,58,68.98395721925134
164,137,66,46,20.5,98,27,83.53658536585365
185,141,58,23,17.8,127,44,76.21621621621621
164,165,68,52,18.2,96,-1,100.60975609756098
181,168,54,58,22.1,127,13,92.81767955801105
174,146,72,54,21.5,102,28,83.9080459770115
172,132,56,41,34.0,116,40,76.74418604651163
187,152,68,46,34.7,119,35,81.28342245989305
192,124,69,48,20.0,123,68,64.58333333333334
182,145,56,52,13.9,126,37,79.67032967032966
192,132,73,50,31.6,119,60,68.75
177,146,51,38,23.5,126,31,82.48587570621469
189,133,74,49,26.7,115,56,70.37037037037037
185,143,72,40,20.8,113,42,77.29729729729729
175,122,65,50,18.5,110,53,69.71428571428572
172,166,62,20,32.8,110,6,96.51162790697676
198,168,57,35,33.3,141,30,84.84848484848484
192,149,55,42,34.1,137,43,77.60416666666666
185,154,55,59,33.8,130,31,83.24324324324324
160,167,58,48,30.0,102,-7,104.375
197,133,53,20,27.4,144,64,67.51269035532995
161,131,60,57,32.6,101,30,81.36645962732919
165,147,54,41,30.9,111,18,89.0909090909091
197,163,74,49,11.3,123,34,82.74111675126903
183,148,66,39,34.8,117,35,80.87431693989072
177,162,69,40,29.0,108,15,91.52542372881356
186,136,56,19,26.3,130,50,73.11827956989248
167,159,64,44,25.3,103,8,95.20958083832335
187,168,74,59,26.9,113,19,89.83957219251337
169,140,64,19,31.0,105,29,82.84023668639054
176,142,63,43,29.4,113,34,80.68181818181817
188,139,62,34,22.3,126,49,73.93617021276596
165,130,60,57,25.8,105,35,78.78787878787878
173,153,62,50,22.6,111,20,88.4393063583815
181,129,71,26,15.1,110,52,71.27071823204419
165,129,73,56,25.4,92,36,78.18181818181819
185,162,58,46,29.1,127,23,87.56756756756758
198,125,59,59,23.5,139,73,63.13131313131313
171,155,53,43,24.1,118,16,90.64327485380117
194,143,66,52,20.2,128,51,73.71134020618557
173,131,63,42,27.7,110,42,75.72254335260115
181,162,73,41,19.0,108,19,89.50276243093923
182,142,67,30,26.2,115,40,78.02197802197803
166,146,60,24,32.5,106,20,87.95180722891565
199,164,65,53,29.5,134,35,82.41206030150754
184,156,50,37,28.1,134,28,84.78260869565217
172,125,56,18,29.8,116,47,72.67441860465115
180,120,59,25,23.2,121,60,66.66666666666666
169,125,58,33,28.4,111,44,73.96449704142012
168,169,74,31,16.5,94,-1,100.59523809523809
174,141,52,29,26.6,122,33,81.03448275862068
161,160,71,40,21.4,90,1,99.37888198757764
184,143,72,32,26.9,112,41,77.71739130434783
172,144,63,45,34.1,109,28,83.72093023255815
193,134,74,51,31.1,119,59,69.43005181347151
193,145,64,19,30.6,129,48,75.12953367875647
194,127,51,49,29.6,143,67,65.4639175257732
197,143,73,40,18.1,124,54,72.58883248730965
162,167,63,39,27.6,99,-5,103.08641975308642
165,157,65,42,22.9,100,8,95.15151515151516
178,125,56,39,18.5,122,53,70.2247191011236
162,154,53,39,32.4,109,8,95.06172839506173
177,161,67,59,23.0,110,16,90.96045197740112
198,120,73,23,23.5,125,78,60.60606060606061
168,165,54,32,29.9,114,3,98.21428571428571
171,155,55,54,26.0,116,16,90.64327485380117
164,131,56,50,17.0,108,33,79.8780487804878
162,157,64,25,25.6,98,5,96.91358024691358
170,130,50,22,28.2,120,40,76.47058823529412
189,131,73,56,20.9,116,58,69.31216931216932
163,161,53,21,31.7,110,2,98.77300613496932
164,169,74,23,25.6,90,-5,103.04878048780488
160,158,50,49,26.7,110,2,98.75
186,126,60,47,14.2,126,60,67.74193548387096
187,130,67,52,24.0,120,57,69.5187165775401
188,155,63,57,25.2,125,33,82.4468085106383
177,150,71,33,29.0,106,27,84.7457627118644
171,152,60,30,23.0,111,19,88.88888888888889
172,132,59,59,33.0,113,40,76.74418604651163
161,137,66,47,27.7,95,24,85.09316770186336
196,160,53,36,32.2,143,36,81.63265306122449
175,143,73,34,22.1,102,32,81.71428571428572
183,128,64,36,22.5,119,55,69.94535519125684
194,150,65,45,23.4,129,44,77.31958762886599
181,160,70,43,12.9,111,21,88.39779005524862
195,129,62,54,29.5,133,66,66.15384615384615
170,121,58,43,27.5,112,49,71.17647058823529
188,157,60,40,22.1,128,31,83.51063829787235
194,134,60,26,15.1,134,60,69.0721649484536
174,122,55,29,13.9,119,52,70.11494252873564
190,162,50,18,33.2,140,28,85.26315789473684
175,150,71,18,15.3,104,25,85.71428571428571
169,125,55,51,31.1,114,44,73.96449704142012
191,122,62,49,28.8,129,69,63.87434554973822
161,130,71,42,32.9,90,31,80.74534161490683
183,134,73,57,33.7,110,49,73.224043715847
182,164,71,18,33.5,111,18,90.10989010989012
161,147,54,33,18.9,107,14,91.30434782608695
197,129,64,56,22.7,133,68,65.48223350253807
190,157,67,22,28.1,123,33,82.63157894736842
199,166,69,39,25.3,130,33,83.41708542713567
185,169,63,46,20.5,122,16,91.35135135135135
188,169,64,20,29.6,124,19,89.8936170212766
162,126,54,29,29.4,108,36,77.77777777777779
173,134,53,43,33.9,120,39,77.45664739884393
184,137,51,33,10.5,133,47,74.45652173913044
160,137,56,54,27.4,104,23,85.625
162,160,59,39,28.1,103,2,98.76543209876543
185,143,65,46,27.7,120,42,77.29729729729729
177,121,59,31,24.7,118,56,68.36158192090396
168,159,67,45,32.1,101,9,94.64285714285714
197,139,66,22,29.4,131,58,70.55837563451777
182,153,70,47,10.6,112,29,84.06593406593407
180,162,62,22,27.1,118,18,90.0
160,145,50,29,14.6,110,15,90.625
180,126,50,33,18.3,130,54,70.0
186,157,64,43,27.7,122,29,84.40860215053763
165,149,50,43,16.8,115,16,90.30303030303031
195,161,55,38,26.8,140,34,82.56410256410255
187,124,74,56,13.2,113,63,66.31016042780749
176,130,62,53,23.3,114,46,73.86363636363636
199,120,50,50,19.3,149,79,60.30150753768844
162,153,54,47,15.6,108,9,94.44444444444444
171,120,58,54,17.2,113,51,70.17543859649122
198,138,74,40,24.0,124,60,69.6969696969697
171,121,66,27,34.4,105,50,70.76023391812866
161,140,65,22,21.5,96,21,86.95652173913044
181,139,57,53,25.1,124,42,76.79558011049724
182,142,66,51,27.4,116,40,78.02197802197803
189,140,64,48,28.2,125,49,74.07407407407408
164,143,73,27,27.1,91,21,87.1951219512195
168,123,50,36,11.2,118,45,73.21428571428571
180,131,61,49,21.3,119,49,72.77777777777777
170,141,54,18,18.6,116,29,82.94117647058825
164,139,73,22,20.7,91,25,84.7560975609756
194,137,55,21,11.7,139,57,70.61855670103093
186,120,74,33,16.4,112,66,64.51612903225806
161,149,50,41,25.6,111,12,92.54658385093167
183,152,74,33,27.3,109,31,83.06010928961749
190,143,50,19,25.3,140,47,75.26315789473685
192,133,59,45,34.3,133,59,69.27083333333334
198,155,59,49,29.5,139,43,78.28282828282829
189,124,52,44,28.6,137,65,65.60846560846561
196,130,66,37,32.8,130,66,66.3265306122449
187,143,68,41,27.4,119,44,76.47058823529412
190,150,60,29,28.9,130,40,78.94736842105263
170,132,67,52,24.5,103,38,77.64705882352942
182,135,51,50,30.3,131,47,74.17582417582418
161,143,58,50,12.1,103,18,88.81987577639751
199,132,73,54,28.5,126,67,66.33165829145729
186,143,66,29,11.1,120,43,76.88172043010752
194,145,63,20,22.4,131,49,74.74226804123711
161,121,53,18,23.7,108,40,75.15527950310559
198,135,66,50,27.3,132,63,68.18181818181817
196,157,66,57,30.6,130,39,80.10204081632652
180,165,61,27,21.3,119,15,91.66666666666666
164,120,69,46,23.2,95,44,73.17073170731707
180,168,67,30,29.1,113,12,93.33333333333333
188,130,52,29,24.1,136,58,69.14893617021278
179,154,60,48,32.5,119,25,86.03351955307262
197,162,74,19,21.1,123,35,82.23350253807106
179,148,67,52,27.5,112,31,82.68156424581005
184,156,53,40,33.1,131,28,84.78260869565217
161,136,66,34,27.6,95,25,84.472049689441
191,158,67,43,28.9,124,33,82.72251308900523
185,161,54,25,19.8,131,24,87.02702702702703
165,147,63,46,34.1,102,18,89.0909090909091
162,148,59,43,34.6,103,14,91.35802469135803
192,162,64,27,12.1,128,30,84.375
160,122,50,43,22.0,110,38,76.25
164,129,65,51,31.3,99,35,78.65853658536585
172,161,60,58,26.8,112,11,93.6046511627907
178,133,72,24,21.3,106,45,74.71910112359551
171,131,69,21,27.9,102,40,76.60818713450293
184,166,55,28,20.2,129,18,90.21739130434783
194,161,73,46,24.8,121,33,82.9896907216495
171,149,71,53,28.3,100,22,87.13450292397661
189,151,65,42,13.7,124,38,79.8941798941799
164,151,51,38,11.6,113,13,92.07317073170732
193,161,50,53,28.3,143,32,83.41968911917098
181,151,73,27,25.9,108,30,83.42541436464089
198,145,73,54,32.9,125,53,73.23232323232324
172,120,58,26,34.9,114,52,69.76744186046511
162,161,71,41,31.8,91,1,99.38271604938271
179,121,61,52,34.8,118,58,67.59776536312849
190,136,66,52,10.1,124,54,71.57894736842105
164,149,74,53,28.4,90,15,90.85365853658537
183,158,64,35,21.1,119,25,86.33879781420765
199,126,68,56,22.6,131,73,63.31658291457286
192,146,71,49,28.4,121,46,76.04166666666666
167,128,59,41,10.2,108,39,76.64670658682635
183,141,61,40,25.2,122,42,77.04918032786885
179,153,63,49,30.7,116,26,85.47486033519553
175,165,58,54,30.6,117,10,94.28571428571428
171,168,62,29,29.8,109,3,98.24561403508771
172,120,52,30,32.9,120,52,69.76744186046511
198,128,70,40,21.3,128,70,64.64646464646465
184,139,63,42,28.1,121,45,75.54347826086956
191,138,70,52,26.2,121,53,72.25130890052355
183,155,59,58,31.9,124,28,84.69945355191257
168,159,65,47,24.0,103,9,94.64285714285714
199,164,56,34,28.8,143,35,82.41206030150754
182,123,53,37,29.2,129,59,67.58241758241759
172,128,69,42,24.0,103,44,74.4186046511628
191,160,72,39,10.2,119,31,83.7696335078534
174,141,74,30,17.8,100,33,81.03448275862068
195,137,60,36,13.5,135,58,70.25641025641025
164,131,65,53,26.1,99,33,79.8780487804878
181,161,69,29,28.1,112,20,88.95027624309392
175,162,53,58,32.8,122,13,92.57142857142857
169,158,71,36,23.7,98,11,93.49112426035504
183,128,71,29,11.2,112,55,69.94535519125684
177,125,72,26,26.7,105,52,70.62146892655367
177,138,66,24,27.0,111,39,77.96610169491525
166,167,62,45,29.0,104,-1,100.60240963855422
163,166,60,31,26.1,103,-3,101.840490797546
185,126,52,48,32.1,133,59,68.10810810810811
164,135,58,36,25.0,106,29,82.3170731707317
175,124,55,33,33.7,120,51,70.85714285714285
194,135,71,22,21.3,123,59,69.58762886597938
185,120,70,52,26.8,115,65,64.86486486486487
177,156,60,29,25.7,117,21,88.13559322033898
188,158,65,42,12.4,123,30,84.04255319148936
182,138,68,38,12.5,114,44,75.82417582417582
173,156,54,53,32.2,119,17,90.17341040462428
174,136,63,40,34.4,111,38,78.16091954022988
192,145,66,33,25.9,126,47,75.52083333333334
184,141,52,56,20.2,132,43,76.63043478260869
180,127,53,59,28.1,127,53,70.55555555555556
176,152,65,56,10.5,111,24,86.36363636363636
182,121,65,31,34.9,117,61,66.48351648351648
176,149,70,48,13.1,106,27,84.6590909090909
173,166,74,22,31.5,99,7,95.95375722543352
188,139,53,52,27.0,135,49,73.93617021276596
179,137,68,40,22.4,111,42,76.53631284916202
189,162,66,46,13.3,123,27,85.71428571428571
178,129,62,28,34.1,116,49,72.47191011235955
198,143,71,35,29.8,127,55,72.22222222222221
172,123,72,29,27.0,100,49,71.51162790697676
177,156,73,26,21.3,104,21,88.13559322033898
182,123,50,27,20.6,132,59,67.58241758241759
192,132,61,34,33.7,131,60,68.75
198,144,53,55,22.9,145,54,72.72727272727273
199,132,60,24,25.0,139,67,66.33165829145729
177,137,54,30,22.2,123,40,77.40112994350282
168,143,51,57,28.4,117,25,85.11904761904762
192,121,66,59,34.9,126,71,63.020833333333336
191,167,57,26,25.2,134,24,87.43455497382199
176,152,55,44,27.0,121,24,86.36363636363636
178,138,70,19,23.3,108,40,77.52808988764045
186,128,58,22,11.7,128,58,68.81720430107528
165,147,62,46,20.2,103,18,89.0909090909091
194,154,60,54,26.4,134,40,79.38144329896907
196,158,65,55,32.0,131,38,80.61224489795919
193,129,65,36,21.2,128,64,66.83937823834198
179,120,51,25,22.3,128,59,67.0391061452514
184,161,59,18,28.5,125,23,87.5
163,140,61,39,27.6,102,23,85.88957055214725
169,128,57,34,25.8,112,41,75.7396449704142
169,166,60,24,31.9,109,3,98.22485207100591
183,134,59,42,25.7,124,49,73.224043715847
180,154,62,21,31.8,118,26,85.55555555555556
170,124,74,53,20.0,96,46,72.94117647058823
186,160,66,23,34.3,120,26,86.02150537634408
175,141,56,48,21.1,119,34,80.57142857142857
185,160,73,36,12.0,112,25,86.48648648648648
189,142,52,56,32.7,137,47,75.13227513227513
175,126,69,44,24.4,106,49,72.0
166,142,62,27,34.5,104,24,85.54216867469879
175,163,68,43,24.7,107,12,93.14285714285714
194,144,56,36,33.7,138,50,74.22680412371135
175,146,58,56,33.1,117,29,83.42857142857143
199,160,68,20,34.8,131,39,80.40201005025126
171,125,62,30,34.3,109,46,73.09941520467837
194,153,71,45,29.0,123,41,78.8659793814433
180,128,57,37,27.3,123,52,71.11111111111111
195,168,71,45,28.7,124,27,86.15384615384616
176,152,67,25,15.5,109,24,86.36363636363636
191,125,72,58,31.9,119,66,65.44502617801047
165,156,51,56,29.8,114,9,94.54545454545455
183,150,67,18,13.6,116,33,81.9672131147541
186,153,67,20,29.3,119,33,82.25806451612904
179,160,60,30,28.0,119,19,89.3854748603352
184,148,50,45,26.6,134,36,80.43478260869566
161,133,63,42,16.2,98,28,82.6086956521739
168,155,65,50,28.4,103,13,92.26190476190477
187,155,60,55,21.7,127,32,82.88770053475936
197,134,50,23,25.8,147,63,68.02030456852792
162,127,56,49,14.9,106,35,78.39506172839506
179,145,65,38,32.6,114,34,81.00558659217877
165,155,63,33,29.2,102,10,93.93939393939394
198,167,64,38,20.0,134,31,84.34343434343434
192,140,63,28,28.1,129,52,72.91666666666666
160,147,70,54,25.3,90,13,91.875
196,123,60,53,11.6,136,73,62.755102040816325
165,135,65,52,26.1,100,30,81.81818181818183
193,141,68,36,24.4,125,52,73.05699481865285
174,131,66,37,27.5,108,43,75.28735632183908
185,135,55,35,14.5,130,50,72.97297297297297
173,159,60,58,26.0,113,14,91.90751445086705
166,157,66,31,25.5,100,9,94.57831325301204
190,161,58,32,15.0,132,29,84.73684210526315
183,156,67,48,11.6,116,27,85.24590163934425
190,148,66,18,13.3,124,42,77.89473684210526
188,137,61,20,18.7,127,51,72.87234042553192
191,129,72,33,29.5,119,62,67.5392670157068
176,161,71,40,26.8,105,15,91.47727272727273
173,158,71,28,23.6,102,15,91.32947976878613
199,137,54,29,13.3,145,62,68.84422110552764
195,120,60,27,25.4,135,75,61.53846153846154
183,158,53,49,23.9,130,25,86.33879781420765
186,140,53,33,27.9,133,46,75.26881720430107
184,120,52,25,33.0,132,64,65.21739130434783
191,134,73,55,27.2,118,57,70.15706806282722
177,123,72,29,11.0,105,54,69.49152542372882
177,139,74,41,11.2,103,38,78.53107344632768
196,129,66,45,35.0,130,67,65.81632653061224
185,142,56,25,26.0,129,43,76.75675675675676
168,160,53,45,26.8,115,8,95.23809523809523
194,153,72,53,26.3,122,41,78.8659793814433
167,165,62,43,16.6,105,2,98.80239520958084
179,167,61,25,27.1,118,12,93.29608938547486
181,152,50,45,30.0,131,29,83.97790055248619
178,153,70,45,12.4,108,25,85.95505617977528
189,158,68,54,29.0,121,31,83.5978835978836
187,129,70,58,25.3,117,58,68.98395721925134
194,139,69,53,23.2,125,55,71.64948453608247
170,120,67,44,26.0,103,50,70.58823529411765
190,132,60,34,31.0,130,58,69.47368421052632
198,120,69,26,24.8,129,78,60.60606060606061
195,124,52,50,28.2,143,71,63.589743589743584
189,135,66,37,10.3,123,54,71.42857142857143
182,134,61,30,28.2,121,48,73.62637362637363
178,168,59,45,24.9,119,10,94.3820224719101
171,147,57,46,26.3,114,24,85.96491228070175
174,150,64,30,33.9,110,24,86.20689655172413
190,142,54,52,31.5,136,48,74.73684210526315
196,167,53,23,21.6,143,29,85.20408163265306
196,164,70,35,25.3,126,32,83.6734693877551
174,162,69,22,10.7,105,12,93.10344827586206
188,136,68,42,26.1,120,52,72.3404255319149
185,168,70,19,21.8,115,17,90.81081081081082
161,153,53,27,11.1,108,8,95.03105590062113
179,132,64,47,25.3,115,47,73.74301675977654
174,133,66,22,32.2,108,41,76.4367816091954
163,130,61,50,28.1,102,33,79.75460122699386
181,147,52,18,33.0,129,34,81.21546961325967
197,161,59,35,21.3,138,36,81.7258883248731
182,151,64,49,34.0,118,31,82.96703296703298
185,154,59,28,31.7,126,31,83.24324324324324
170,150,73,38,29.0,97,20,88.23529411764706
187,136,72,43,29.5,115,51,72.72727272727273
161,166,67,42,24.4,94,-5,103.1055900621118
167,128,50,39,32.8,117,39,76.64670658682635
188,129,52,44,20.9,136,59,68.61702127659575
170,127,70,30,25.2,100,43,74.70588235294117
196,140,61,50,19.2,135,56,71.42857142857143
177,132,50,51,33.3,127,45,74.57627118644068
173,169,52,58,29.6,121,4,97.6878612716763
169,124,52,52,32.0,117,45,73.37278106508876
194,125,54,18,27.1,140,69,64.43298969072166
168,149,68,38,10.1,100,19,88.69047619047619
194,150,74,23,12.4,120,44,77.31958762886599
170,136,50,45,30.1,120,34,80.0
171,130,53,34,22.4,118,41,76.0233918128655
162,139,53,22,21.2,109,23,85.80246913580247
198,167,66,48,12.9,132,31,84.34343434343434
173,128,63,22,32.6,110,45,73.98843930635837
187,121,67,55,34.9,120,66,64.70588235294117
170,156,50,20,27.6,120,14,91.76470588235294
198,120,71,40,32.9,127,78,60.60606060606061
184,123,65,54,26.2,119,61,66.84782608695652
180,155,52,54,34.9,128,25,86.11111111111111
169,144,72,27,26.4,97,25,85.20710059171599
174,122,70,27,28.6,104,52,70.11494252873564
178,128,58,36,34.5,120,50,71.91011235955057
181,141,72,34,29.3,109,40,77.90055248618785
180,142,53,38,28.8,127,38,78.88888888888889
191,131,70,31,25.8,121,60,68.58638743455498
182,129,54,26,21.7,128,53,70.87912087912088
172,153,60,18,20.6,112,19,88.95348837209302
164,162,70,30,26.1,94,2,98.78048780487805
163,129,58,21,21.8,105,34,79.14110429447852
187,149,52,18,23.4,135,38,79.67914438502673
173,141,55,57,25.4,118,32,81.5028901734104
167,125,73,49,13.6,94,42,74.8502994011976
168,169,60,51,22.1,108,-1,100.59523809523809
194,121,58,45,18.4,136,73,62.371134020618555
196,149,64,48,32.0,132,47,76.0204081632653
180,121,72,25,25.6,108,59,67.22222222222223
177,151,52,56,29.0,125,26,85.31073446327684
192,161,50,43,21.1,142,31,83.85416666666666
167,135,69,51,26.8,98,32,80.83832335329342
176,131,71,20,24.3,105,45,74.43181818181817
190,120,68,29,26.3,122,70,63.1578947368421
193,127,63,18,30.7,130,66,65.80310880829016
165,167,66,22,29.0,99,-2,101.21212121212122
181,169,71,47,22.8,110,12,93.37016574585635
173,132,63,47,26.7,110,41,76.30057803468208
162,134,66,34,23.4,96,28,82.71604938271605
171,163,74,40,31.1,97,8,95.32163742690058
195,127,63,32,25.8,132,68,65.12820512820512
171,129,61,54,26.6,110,42,75.43859649122807
161,165,65,38,21.2,96,-4,102.48447204968944
161,124,50,31,15.1,111,37,77.01863354037268
174,169,62,19,10.1,112,5,97.12643678160919
182,138,55,28,28.8,127,44,75.82417582417582
188,166,66,56,20.5,122,22,88.29787234042553
176,157,61,55,27.3,115,19,89.20454545454545
191,130,72,51,33.7,119,61,68.06282722513089
166,162,68,55,26.0,98,4,97.59036144578313
189,139,55,51,24.4,134,50,73.54497354497354
187,139,56,35,19.8,131,48,74.33155080213903
173,140,50,47,28.3,123,33,80.92485549132948
189,137,50,32,24.9,139,52,72.4867724867725
176,169,54,44,32.6,122,7,96.02272727272727
191,129,55,51,28.3,136,62,67.5392670157068
165,153,65,55,23.5,100,12,92.72727272727272
183,145,74,50,33.9,109,38,79.23497267759562
165,149,65,41,24.7,100,16,90.30303030303031
186,128,63,32,25.3,123,58,68.81720430107528
177,165,50,47,15.0,127,12,93.22033898305084
183,150,62,59,28.4,121,33,81.9672131147541
196,161,69,34,28.6,127,35,82.14285714285714
183,123,59,22,25.1,124,60,67.21311475409836
197,125,73,46,18.1,124,72,63.45177664974619
193,133,59,21,27.0,134,60,68.9119170984456
199,123,58,27,26.5,141,76,61.80904522613066
174,145,62,34,19.8,112,29,83.33333333333334
170,166,52,27,14.3,118,4,97.6470588235294
181,167,67,34,24.5,114,14,92.26519337016575
183,158,69,37,10.3,114,25,86.33879781420765
160,136,51,41,24.8,109,24,85.0
177,138,66,22,31.9,111,39,77.96610169491525
171,168,68,51,31.1,103,3,98.24561403508771
187,125,72,23,30.4,115,62,66.84491978609626
199,148,62,19,24.7,137,51,74.37185929648241
166,130,62,30,27.9,104,36,78.3132530120482
182,135,50,28,27.8,132,47,74.17582417582418
180,149,51,40,25.0,129,31,82.77777777777777
193,144,50,33,21.6,143,49,74.61139896373057
170,159,73,48,28.4,97,11,93.52941176470588
181,130,54,28,28.2,127,51,71.8232044198895
194,126,73,33,30.9,121,68,64.94845360824742
188,145,52,25,25.7,136,43,77.12765957446808
187,141,56,21,28.3,131,46,75.40106951871658
177,144,73,57,17.8,104,33,81.35593220338984
173,138,71,21,31.7,102,35,79.76878612716763
177,150,62,42,27.0,115,27,84.7457627118644
187,145,72,20,27.9,115,42,77.54010695187165
183,161,67,49,24.7,116,22,87.97814207650273
167,160,73,20,29.6,94,7,95.80838323353294
167,155,70,44,13.8,97,12,92.81437125748504
163,142,56,46,34.7,107,21,87.11656441717791
186,166,50,49,32.5,136,20,89.24731182795699
195,132,54,36,21.8,141,63,67.6923076923077
164,144,66,38,25.6,98,20,87.8048780487805
192,121,57,22,30.8,135,71,63.020833333333336
193,121,64,35,23.6,129,72,62.69430051813472
189,135,69,45,22.8,120,54,71.42857142857143
167,128,53,59,33.1,114,39,76.64670658682635
198,147,51,39,23.7,147,51,74.24242424242425
185,132,54,38,16.6,131,53,71.35135135135135
196,154,50,23,33.5,146,42,78.57142857142857
193,160,74,18,33.5,119,33,82.90155440414507
166,132,54,22,28.6,112,34,79.51807228915662
199,150,55,58,28.3,144,49,75.37688442211056
187,140,51,29,14.3,136,47,74.8663101604278
198,151,50,43,24.2,148,47,76.26262626262627
198,153,53,51,20.7,145,45,77.27272727272727
187,127,56,31,15.0,131,60,67.9144385026738
173,160,71,43,30.2,102,13,92.48554913294798
197,167,50,44,11.7,147,30,84.77157360406092
163,121,50,26,35.0,113,42,74.23312883435584
177,157,57,43,32.7,120,20,88.70056497175142
184,151,69,39,32.6,115,33,82.06521739130434
166,159,65,47,29.6,101,7,95.78313253012048
197,147,70,34,14.4,127,50,74.61928934010153
187,156,62,43,23.2,125,31,83.42245989304813
164,160,72,53,26.7,92,4,97.5609756097561
162,120,73,18,27.5,89,42,74.07407407407408
190,160,72,25,23.8,118,30,84.21052631578947
179,129,67,52,24.7,112,50,72.06703910614524
178,123,69,32,13.2,109,55,69.10112359550563
170,154,59,39,29.1,111,16,90.58823529411765
199,129,61,31,24.2,138,70,64.82412060301507
162,166,50,43,32.8,112,-4,102.46913580246914
182,130,59,45,27.7,123,52,71.42857142857143
166,133,58,40,27.0,108,33,80.12048192771084
182,157,52,31,20.0,130,25,86.26373626373626
166,131,68,41,19.4,98,35,78.91566265060241
193,164,58,19,25.3,135,29,84.97409326424871
178,136,59,43,27.1,119,42,76.40449438202246
168,135,68,31,20.5,100,33,80.35714285714286
177,154,65,24,11.3,112,23,87.00564971751412
184,121,73,20,25.0,111,63,65.76086956521739
173,130,67,40,29.2,106,43,75.14450867052022
184,160,63,35,21.9,121,24,86.95652173913044
178,122,52,55,23.3,126,56,68.53932584269663
198,148,51,52,27.3,147,50,74.74747474747475
174,137,50,32,26.7,124,37,78.73563218390804
175,139,67,42,25.7,108,36,79.42857142857143
186,166,73,54,32.5,113,20,89.24731182795699
199,133,58,45,15.3,141,66,66.83417085427136
169,153,62,27,12.7,107,16,90.53254437869822
163,168,51,56,22.6,112,-5,103.06748466257669
178,150,56,34,30.9,122,28,84.26966292134831
187,159,65,56,22.6,122,28,85.02673796791443
180,161,70,39,29.8,110,19,89.44444444444444
173,137,68,43,28.1,105,36,79.1907514450867
192,149,74,42,27.4,118,43,77.60416666666666
169,144,64,34,27.8,105,25,85.20710059171599
178,138,71,30,19.5,107,40,77.52808988764045
189,127,60,37,26.4,129,62,67.1957671957672
181,147,50,42,27.3,131,34,81.21546961325967
162,127,70,21,34.2,92,35,78.39506172839506
196,150,56,27,29.1,140,46,76.53061224489795
177,122,69,20,32.4,108,55,68.92655367231639
170,122,57,58,27.0,113,48,71.76470588235294
161,163,59,35,28.4,102,-2,101.24223602484473
171,141,54,53,27.0,117,30,82.45614035087719
165,136,58,39,27.4,107,29,82.42424242424242
199,155,74,51,26.9,125,44,77.88944723618091
188,136,74,25,13.8,114,52,72.3404255319149
189,133,50,57,12.7,139,56,70.37037037037037
161,128,51,36,18.2,110,33,79.5031055900621
168,149,68,59,29.5,100,19,88.69047619047619
161,140,63,58,26.0,98,21,86.95652173913044
188,131,69,54,16.5,119,57,69.68085106382979
192,156,59,23,31.1,133,36,81.25
169,151,58,43,34.6,111,18,89.3491124260355
193,130,59,51,21.0,134,63,67.35751295336787
167,139,55,23,20.2,112,28,83.23353293413174
196,154,66,54,15.3,130,42,78.57142857142857
192,166,74,50,25.5,118,26,86.45833333333334
165,165,55,39,29.1,110,0,100.0
199,130,53,38,32.2,146,69,65.32663316582915
178,127,69,23,26.8,109,51,71.34831460674157
191,123,52,23,17.6,139,68,64.3979057591623
186,146,72,21,27.8,114,40,78.49462365591397
160,163,68,47,26.6,92,-3,101.875
192,159,67,28,17.0,125,33,82.8125
199,157,73,47,24.9,126,42,78.89447236180904
191,166,53,48,26.1,138,25,86.91099476439791
164,149,57,41,29.2,107,15,90.85365853658537
176,163,66,26,23.2,110,13,92.61363636363636
167,167,54,20,25.4,113,0,100.0
193,167,62,48,21.4,131,26,86.52849740932642
168,146,74,57,27.6,94,22,86.90476190476191
182,140,50,54,25.2,132,42,76.92307692307693
194,139,62,53,19.7,132,55,71.64948453608247
166,123,53,41,25.9,113,43,74.09638554216868
174,130,71,48,33.0,103,44,74.71264367816092
179,132,73,23,34.0,106,47,73.74301675977654
184,128,63,19,34.4,121,56,69.56521739130434
162,123,52,37,33.7,110,39,75.92592592592592
183,131,54,45,11.4,129,52,71.58469945355192
193,128,56,28,16.7,137,65,66.32124352331607
181,132,50,21,24.3,131,49,72.92817679558011
170,167,72,32,15.7,98,3,98.23529411764706
167,145,61,23,25.2,106,22,86.82634730538922
198,157,60,47,28.7,138,41,79.29292929292929
194,161,73,55,30.5,121,33,82.9896907216495
197,132,57,19,18.0,140,65,67.00507614213198
167,158,74,32,29.3,93,9,94.61077844311377
196,147,55,28,31.7,141,49,75.0
186,138,71,25,31.9,115,48,74.19354838709677
187,143,51,43,32.9,136,44,76.47058823529412
199,138,68,22,21.2,131,61,69.34673366834171
193,168,69,23,16.8,124,25,87.04663212435233
191,132,69,43,19.8,122,59,69.10994764397905
174,132,73,21,34.2,101,42,75.86206896551724
176,147,63,36,19.4,113,29,83.52272727272727
192,121,50,37,24.5,142,71,63.020833333333336
175,129,59,50,14.3,116,46,73.71428571428571
188,141,65,37,25.5,123,47,75.0
168,132,53,29,26.5,115,36,78.57142857142857
192,128,60,18,24.1,132,64,66.66666666666666
188,152,65,43,12.4,123,36,80.85106382978722
172,133,69,31,27.6,103,39,77.32558139534885
180,167,50,55,23.6,130,13,92.77777777777779
180,139,65,54,26.6,115,41,77.22222222222223
164,134,68,28,24.9,96,30,81.70731707317073
169,151,70,53,27.9,99,18,89.3491124260355
165,152,71,30,26.6,94,13,92.12121212121212
172,136,58,20,10.5,114,36,79.06976744186046
160,143,58,50,29.9,102,17,89.375
179,149,58,23,27.0,121,30,83.24022346368714
167,132,66,27,25.3,101,35,79.04191616766467
169,166,61,22,17.0,108,3,98.22485207100591
168,167,74,40,13.1,94,1,99.40476190476191
162,135,62,27,29.7,100,27,83.33333333333334
170,121,57,19,25.9,113,49,71.17647058823529
171,136,65,30,23.9,106,35,79.53216374269006
169,151,67,57,29.1,102,18,89.3491124260355
184,162,50,19,17.9,134,22,88.04347826086956
184,127,50,37,26.5,134,57,69.02173913043478
170,122,61,18,26.8,109,48,71.76470588235294
195,131,55,54,22.9,140,64,67.17948717948717
198,139,58,26,19.8,140,59,70.2020202020202
185,135,72,34,27.3,113,50,72.97297297297297
173,133,54,26,26.6,119,40,76.878612716763
198,135,65,28,28.2,133,63,68.18181818181817
199,168,67,32,10.6,132,31,84.42211055276381
160,162,66,41,28.6,94,-2,101.25
163,168,67,55,25.9,96,-5,103.06748466257669
189,152,50,52,23.4,139,37,80.42328042328042
171,149,68,47,28.2,103,22,87.13450292397661
194,131,71,48,28.0,123,63,67.5257731958763
172,134,57,22,28.5,115,38,77.90697674418605
190,137,52,31,26.2,138,53,72.10526315789474
197,147,74,28,34.7,123,50,74.61928934010153
182,142,54,26,34.6,128,40,78.02197802197803
163,133,72,51,11.8,91,30,81.59509202453987
175,149,57,29,25.7,118,26,85.14285714285714
166,152,68,52,15.8,98,14,91.56626506024097
181,164,67,52,34.9,114,17,90.60773480662984
188,134,67,18,25.6,121,54,71.27659574468085
170,126,70,57,23.6,100,44,74.11764705882354
192,134,50,39,22.9,142,58,69.79166666666666
188,161,64,46,22.6,124,27,85.63829787234043
198,165,67,25,31.6,131,33,83.33333333333334
171,157,74,28,29.2,97,14,91.81286549707602
166,165,56,58,19.8,110,1,99.3975903614458
198,163,65,54,31.8,133,35,82.32323232323232
185,130,65,31,14.0,120,55,70.27027027027027
199,148,64,47,22.9,135,51,74.37185929648241
168,150,55,52,20.8,113,18,89.28571428571429
193,144,58,38,29.9,135,49,74.61139896373057
172,143,56,54,23.1,116,29,83.13953488372093
195,138,63,22,22.0,132,57,70.76923076923077
184,121,60,36,34.5,124,63,65.76086956521739
183,141,70,31,29.4,113,42,77.04918032786885
176,139,65,43,21.7,111,37,78.97727272727273
161,152,74,21,22.0,87,9,94.40993788819875
172,127,55,42,11.4,117,45,73.83720930232558
190,144,71,59,15.0,119,46,75.78947368421053
188,165,65,42,22.7,123,23,87.7659574468085
187,128,69,35,23.3,118,59,68.44919786096256
186,153,65,57,31.6,121,33,82.25806451612904
174,142,61,25,27.9,113,32,81.60919540229885
190,124,66,56,16.1,124,66,65.26315789473685
199,144,54,57,21.6,145,55,72.36180904522614
174,127,74,31,28.1,100,47,72.98850574712644
192,135,62,49,21.1,130,57,70.3125
179,167,57,55,20.2,122,12,93.29608938547486
171,164,73,50,33.0,98,7,95.90643274853801
196,134,54,40,10.7,142,62,68.36734693877551
168,120,61,32,27.8,107,48,71.42857142857143
182,141,58,50,33.0,124,41,77.47252747252747
167,122,52,42,17.7,115,45,73.05389221556887
191,157,52,34,28.1,139,34,82.19895287958116
173,133,50,50,21.5,123,40,76.878612716763
186,155,74,19,32.4,112,31,83.33333333333334
184,137,71,31,31.0,113,47,74.45652173913044
172,166,67,57,13.3,105,6,96.51162790697676
180,160,73,57,25.1,107,20,88.88888888888889
190,137,61,56,19.6,129,53,72.10526315789474
196,122,58,23,25.7,138,74,62.244897959183675
164,129,58,23,11.8,106,35,78.65853658536585
172,168,67,20,24.0,105,4,97.67441860465115
187,158,67,24,10.0,120,29,84.49197860962568
184,166,56,25,25.0,128,18,90.21739130434783
194,120,53,59,18.8,141,74,61.855670103092784
198,146,62,32,28.2,136,52,73.73737373737373
166,146,66,46,28.8,100,20,87.95180722891565
