,Age,Weight (kg),Height (m),Max_BPM,Avg_BPM,Resting_BPM,Fat_Percentage,Daysofweek,BMI
0,56,88.3,1.71,180,157,60,12.6,4,30.2
1,46,74.9,1.53,179,151,66,33.9,4,32.0
2,32,68.1,1.66,167,122,54,33.4,4,24.71
3,25,53.2,1.7,190,164,56,28.8,3,18.41
4,38,46.1,1.79,188,158,68,29.2,3,14.39
5,56,58.0,1.68,168,156,74,15.5,5,20.55
6,36,70.3,1.72,174,169,73,21.3,3,23.76
7,40,69.7,1.51,189,141,64,30.6,3,30.57
8,28,121.7,1.94,185,127,52,28.9,4,32.34
9,28,101.8,1.84,169,136,64,29.7,3,30.07
10,41,120.8,1.67,188,146,54,20.5,2,43.31
11,53,51.7,1.7,175,152,72,23.6,3,17.89
12,57,112.5,1.61,195,165,61,22.1,3,43.4
13,41,94.5,2.0,179,136,69,27.6,3,23.62
14,20,117.7,1.81,196,161,54,26.4,3,35.93
15,39,42.5,1.75,181,131,52,26.2,2,13.88
16,19,64.0,1.53,166,167,58,29.8,3,27.34
17,41,43.8,1.77,182,165,58,31.9,3,13.98
18,47,66.8,1.75,199,146,56,32.8,3,21.81
19,55,75.2,1.67,188,167,51,25.2,2,26.96
20,19,89.0,1.77,175,127,72,28.9,4,28.41
21,38,71.9,1.77,197,142,72,25.7,2,22.95
22,50,71.0,1.68,187,161,70,33.1,2,25.16
23,29,120.9,1.78,197,168,65,28.1,2,38.16
24,39,64.3,1.69,190,148,58,26.9,4,22.51
25,42,63.7,1.71,173,169,62,26.1,3,21.78
26,44,65.2,1.8,192,139,68,27.2,2,20.12
27,59,53.9,1.75,168,135,69,21.6,4,17.6
28,45,84.9,1.86,186,136,66,14.2,5,24.54
29,33,78.0,1.68,183,135,55,32.3,3,27.64
30,32,108.2,1.8,172,138,53,28.4,3,33.4
31,20,65.4,1.52,185,127,50,28.0,4,28.31
32,54,50.2,1.61,188,157,67,28.2,2,19.37
33,24,58.9,1.51,187,157,68,31.7,2,25.83
34,38,81.4,1.71,187,148,58,10.2,5,27.84
35,26,127.6,1.73,167,160,62,27.3,3,42.63
36,56,59.3,1.56,182,155,57,33.4,4,24.37
37,35,96.9,1.71,188,145,72,24.2,3,33.14
38,21,62.6,1.81,164,150,62,27.6,4,19.11
39,42,45.5,1.6,166,163,64,21.7,3,17.77
40,31,48.8,1.51,195,131,60,28.2,2,21.4
41,26,44.3,1.6,186,136,61,34.7,3,17.3
42,43,113.2,1.83,161,134,63,29.9,4,33.8
43,19,60.5,1.59,184,128,53,30.1,2,23.93
44,37,124.2,1.76,168,158,50,29.3,2,40.1
45,45,52.4,1.85,186,161,73,25.2,3,15.31
46,24,54.7,1.74,160,167,53,22.9,3,18.07
47,25,88.1,1.95,182,131,68,22.7,2,23.17
48,52,59.7,1.71,169,151,58,34.3,3,20.42
49,31,79.7,1.54,184,144,59,26.7,4,33.61
50,34,51.0,1.62,162,158,53,30.8,3,19.43
51,53,84.2,1.76,165,137,69,12.8,5,27.18
52,57,122.1,1.89,165,134,58,27.4,3,34.18
53,21,96.7,1.72,161,151,62,25.0,3,32.69
54,19,73.0,1.79,177,125,61,27.7,3,22.78
55,23,114.8,1.6,182,163,60,21.7,4,44.84
56,59,65.5,1.52,161,162,61,31.2,3,28.35
57,21,50.3,1.52,171,154,67,32.2,3,21.77
58,46,61.0,1.71,181,153,61,17.8,4,20.86
59,35,44.6,1.62,196,157,65,32.4,2,16.99
60,43,58.2,1.61,179,124,54,26.4,3,22.45
61,51,44.8,1.63,198,137,69,33.8,4,16.86
62,27,87.5,1.63,183,135,74,12.9,5,32.93
63,53,51.8,1.74,179,127,61,21.3,3,17.11
64,31,64.4,1.7,160,144,70,17.3,5,22.28
65,48,67.1,1.61,160,151,74,33.4,2,25.89
66,32,85.9,1.6,176,145,60,14.5,5,33.55
67,25,65.4,1.77,160,141,58,27.6,3,20.88
68,31,61.1,1.76,189,150,67,18.6,4,19.72
69,40,106.5,1.65,162,162,74,21.0,4,39.12
70,57,64.0,1.52,170,129,52,15.2,5,27.7
71,38,61.4,1.54,183,131,69,30.6,3,25.89
72,33,40.5,1.63,181,147,66,31.9,4,15.24
73,35,70.1,1.79,185,125,63,28.0,3,21.88
74,41,94.1,1.62,172,139,50,23.4,4,35.86
75,43,55.5,1.82,160,124,66,20.1,3,16.76
76,42,53.7,1.72,183,142,74,29.8,3,18.15
77,58,66.1,1.75,169,128,57,25.2,2,21.58
78,46,103.9,1.77,194,148,54,20.9,2,33.16
79,32,61.7,1.58,183,135,54,16.6,5,24.72
80,18,52.3,1.74,187,165,58,29.4,2,17.27
81,42,59.5,1.74,195,141,52,16.4,5,19.65
82,24,72.9,1.76,175,127,68,30.8,3,23.53
83,26,76.7,1.63,199,139,72,25.6,2,28.87
84,41,72.1,1.83,175,133,58,21.4,3,21.53
85,18,54.8,1.68,176,158,71,32.0,4,19.42
86,25,105.0,1.88,174,156,67,21.4,3,29.71
87,41,55.0,1.55,175,169,65,31.4,4,22.89
88,28,81.6,1.66,174,153,50,20.5,4,29.61
89,34,75.6,1.6,193,130,51,29.1,2,29.53
90,25,81.5,1.61,170,159,63,10.9,4,31.44
91,52,61.5,1.69,160,152,63,15.5,4,21.53
92,52,74.0,1.63,174,150,50,25.7,3,27.85
93,50,56.4,1.59,185,163,74,34.3,3,22.31
94,22,102.6,1.84,163,153,65,20.5,3,30.3
95,59,54.6,1.57,164,169,64,29.2,3,22.15
96,56,129.0,1.78,194,126,64,27.1,2,40.71
97,58,103.5,1.66,172,168,61,24.6,3,37.56
98,45,59.4,1.51,169,142,65,33.1,4,26.05
99,24,60.1,1.79,170,165,63,15.9,4,18.76
100,26,77.7,1.62,177,126,73,29.6,3,29.61
101,25,41.2,1.62,193,144,64,28.9,4,15.7
102,29,58.6,1.61,198,122,72,23.4,3,22.61
103,51,109.3,1.78,182,157,64,28.7,3,34.5
104,50,69.6,1.96,166,139,68,25.6,3,18.12
105,40,56.2,1.79,198,153,57,17.6,5,17.54
106,41,71.7,1.96,162,168,51,27.3,2,18.66
107,54,86.0,1.93,171,163,51,12.9,5,23.09
108,52,79.4,1.59,166,163,59,26.6,3,31.41
109,57,78.4,1.62,185,149,52,31.7,4,29.87
110,39,55.4,1.6,192,136,72,26.3,3,21.64
111,44,61.7,1.55,196,129,66,33.1,4,25.68
112,52,85.5,1.82,174,154,57,14.9,4,25.81
113,18,87.6,1.93,161,139,72,11.9,4,23.52
114,52,82.4,1.72,166,137,53,24.4,4,27.85
115,54,67.0,1.68,191,164,63,20.5,3,23.74
116,31,42.3,1.6,163,163,70,25.1,3,16.52
117,20,82.7,1.99,179,146,59,14.6,5,20.88
118,18,92.4,1.74,195,168,50,21.3,2,30.52
119,22,63.2,1.54,191,155,53,29.5,4,26.65
120,43,82.7,1.85,187,142,50,28.2,4,24.16
121,31,86.6,1.76,172,151,66,28.9,3,27.96
122,56,129.5,1.95,160,129,66,25.2,2,34.06
123,44,98.0,1.83,194,130,56,25.7,4,29.26
124,26,86.2,1.68,189,157,72,13.3,5,30.54
125,32,78.6,1.62,195,125,69,29.6,3,29.95
126,32,59.0,1.66,184,160,64,31.0,2,21.41
127,43,57.3,1.79,175,166,62,17.8,4,17.88
128,59,122.3,1.89,178,153,51,20.1,3,34.24
129,30,85.3,1.95,160,155,68,10.4,5,22.43
130,49,45.2,1.74,164,156,73,30.8,3,14.93
131,56,55.6,1.92,181,136,62,29.4,3,15.08
132,49,82.8,1.95,183,159,73,14.3,5,21.78
133,21,125.2,1.66,196,159,60,29.8,3,45.43
134,47,58.5,1.79,195,131,71,30.3,4,18.26
135,54,86.1,1.95,195,140,64,27.9,2,22.64
136,40,63.5,1.61,163,159,59,33.4,3,24.5
137,56,69.3,1.68,195,138,58,26.5,2,24.55
138,32,70.5,1.62,177,122,58,28.4,2,26.86
139,46,60.1,1.65,175,137,69,17.3,4,22.08
140,53,94.1,1.95,177,138,50,28.6,3,24.75
141,30,79.2,1.62,181,166,66,28.0,4,30.18
142,49,115.3,1.91,161,125,61,29.2,2,31.61
143,24,62.9,1.79,180,135,59,27.3,4,19.63
144,39,62.0,1.64,195,127,54,27.5,3,23.05
145,45,88.5,1.78,198,167,67,13.2,4,27.93
146,19,73.9,1.77,198,137,64,32.5,3,23.59
147,59,50.3,1.95,188,167,55,24.4,3,13.23
148,23,83.1,1.8,185,162,56,29.3,3,25.65
149,45,65.1,1.78,180,158,66,31.3,3,20.55
150,45,46.6,1.79,176,168,55,22.9,3,14.54
151,37,103.5,1.89,175,168,57,26.4,2,28.97
152,47,61.9,1.54,190,131,61,16.4,4,26.1
153,28,52.0,1.61,168,164,70,27.9,3,20.06
154,45,113.4,1.71,190,129,63,24.0,2,38.78
155,42,62.9,1.98,173,126,61,28.5,4,16.04
156,56,40.4,1.8,196,165,72,30.0,4,12.47
157,50,67.1,1.75,161,120,59,31.8,3,21.91
158,18,70.0,1.61,173,168,71,23.9,2,27.01
159,44,69.5,1.75,192,155,69,27.6,3,22.69
160,30,107.9,1.66,194,140,64,29.5,3,39.16
161,58,109.0,1.91,198,156,56,26.0,3,29.88
162,20,101.0,1.91,179,143,58,29.3,3,27.69
163,56,88.5,1.85,161,144,59,11.0,4,25.86
164,23,80.9,1.8,178,126,59,10.7,4,24.97
165,25,43.1,1.62,196,161,65,33.6,4,16.42
166,44,59.1,1.52,177,136,56,18.4,5,25.58
167,26,54.0,1.53,175,148,54,26.9,3,23.07
168,54,72.3,1.78,163,149,72,27.7,2,22.82
169,50,51.1,1.98,171,126,52,28.0,2,13.03
170,59,89.4,1.72,188,152,67,24.5,3,30.22
171,41,51.5,1.8,166,126,60,26.7,4,15.9
172,32,87.9,1.88,173,143,64,11.6,5,24.87
173,49,42.0,1.52,171,130,70,28.8,3,18.18
174,49,79.2,1.72,194,128,69,29.9,3,26.77
175,41,64.8,1.71,164,131,54,22.5,3,22.16
176,58,63.0,1.78,176,154,73,17.5,4,19.88
177,29,56.2,1.77,191,123,61,33.4,3,17.94
178,56,52.9,1.64,169,155,53,27.4,3,19.67
179,19,49.0,1.69,176,147,64,29.2,3,17.16
180,20,128.2,1.84,164,132,58,26.2,3,37.87
181,54,83.6,1.86,168,142,56,12.4,5,24.16
182,34,56.2,1.77,192,138,59,17.3,5,17.94
183,19,87.8,1.78,195,161,72,23.6,2,27.71
184,19,85.9,1.85,195,156,62,12.9,4,25.1
185,45,51.1,1.87,177,158,57,26.2,4,14.61
186,40,57.4,1.71,168,143,61,18.3,5,19.63
187,54,114.9,1.92,188,135,71,20.7,4,31.17
188,49,62.1,1.66,173,152,73,31.3,3,22.54
189,50,57.1,1.91,184,131,68,29.5,4,15.65
190,18,68.1,1.8,174,153,50,25.4,4,21.02
191,36,69.2,1.65,165,126,65,27.2,3,25.42
192,19,65.2,1.52,188,130,71,30.6,3,28.22
193,43,108.6,1.73,174,150,66,28.5,2,36.29
194,49,40.0,1.65,188,148,74,34.3,3,14.69
195,23,41.9,1.58,163,132,67,26.8,3,16.78
196,49,68.3,1.52,177,150,60,29.4,4,29.56
197,21,88.4,1.6,198,121,67,12.0,4,34.53
198,28,66.0,1.9,175,158,56,24.1,3,18.28
199,34,71.9,1.64,170,134,67,21.3,4,26.73
200,55,75.6,1.71,173,130,57,28.1,4,25.85
201,41,63.4,1.59,162,153,55,15.2,5,25.08
202,22,71.6,1.77,197,158,56,30.3,3,22.85
203,51,57.4,1.77,177,123,72,31.6,4,18.32
204,23,83.8,1.99,179,130,71,11.0,4,21.16
205,39,55.9,1.71,184,148,59,19.5,5,19.12
206,28,87.0,1.76,197,121,60,28.4,3,28.09
207,33,65.3,1.71,172,135,74,29.7,4,22.33
208,50,45.4,1.67,163,158,62,24.1,4,16.28
209,26,87.1,1.87,173,132,58,11.2,4,24.91
210,23,78.6,1.73,192,156,56,32.3,4,26.26
211,33,78.0,1.71,187,136,58,26.3,3,26.67
212,46,58.0,1.53,196,140,62,18.4,4,24.78
213,20,71.3,1.69,167,163,52,33.4,3,24.96
214,37,49.1,1.74,193,138,52,22.3,3,16.22
215,53,78.3,1.65,164,126,50,33.7,3,28.76
216,36,57.3,1.64,164,157,70,25.3,4,21.3
217,43,48.4,1.61,190,127,69,34.1,2,18.67
218,20,76.4,1.62,168,132,51,21.2,4,29.11
219,36,110.2,1.77,191,156,74,26.5,2,35.18
220,37,72.9,1.76,192,121,52,27.5,3,23.53
221,49,82.1,1.86,162,160,64,14.2,4,23.73
222,24,58.9,1.76,189,130,73,30.1,3,19.01
223,58,82.2,1.87,171,143,55,10.7,4,23.51
224,50,96.7,1.72,188,125,62,25.7,3,32.69
225,57,81.4,1.86,162,145,70,12.0,5,23.53
226,56,107.8,1.73,185,126,50,26.6,3,36.02
227,35,65.8,1.62,189,158,69,33.8,4,25.07
228,57,68.5,1.56,168,138,68,29.1,4,28.15
229,18,63.9,1.59,185,125,50,16.4,4,25.28
230,28,76.3,1.62,161,162,70,20.1,3,29.07
231,45,44.5,1.65,162,148,71,30.7,3,16.35
232,42,50.7,1.75,163,162,51,29.0,3,16.56
233,40,55.1,1.61,184,158,64,16.9,4,21.26
234,48,73.7,1.61,172,121,63,21.8,4,28.43
235,47,55.6,1.77,198,138,68,24.3,4,17.75
236,59,86.9,1.76,194,123,60,29.8,3,28.05
237,52,60.3,1.68,182,125,64,16.5,4,21.36
238,24,40.4,1.64,168,168,55,31.0,2,15.02
239,33,78.5,1.66,161,156,69,32.8,4,28.49
240,43,102.6,1.72,190,147,58,27.5,2,34.68
241,19,110.8,1.91,161,149,54,23.3,2,30.37
242,18,60.9,1.79,191,126,69,31.1,2,19.01
243,29,55.7,1.61,177,128,51,28.7,3,21.49
244,22,110.5,1.92,172,144,55,20.2,3,29.98
245,54,55.2,1.71,164,152,67,24.4,2,18.88
246,49,46.5,1.72,169,120,72,22.2,4,15.72
247,26,70.9,1.66,184,125,68,28.9,3,25.73
248,58,74.6,1.75,193,137,58,24.2,2,24.36
249,52,45.1,1.72,196,129,70,27.5,2,15.24
250,36,99.9,1.99,189,147,73,20.9,3,25.23
251,33,117.0,1.61,166,130,55,25.1,3,45.14
252,20,75.9,1.73,165,152,63,30.6,4,25.36
253,37,71.2,1.64,162,120,73,29.9,3,26.47
254,41,78.8,1.72,172,132,62,27.3,4,26.64
255,50,50.6,1.69,162,156,60,23.8,2,17.72
256,41,82.5,1.79,185,139,61,14.7,4,25.75
257,28,108.5,1.79,183,120,68,24.8,4,33.86
258,25,49.9,1.98,165,122,68,25.7,3,12.73
259,53,125.1,1.91,171,137,70,28.3,2,34.29
260,55,79.7,1.66,195,160,68,27.8,2,28.92
261,57,126.8,1.63,161,133,73,20.8,2,47.72
262,37,54.6,1.57,170,150,62,32.1,3,22.15
263,52,47.8,1.54,198,146,63,29.8,3,20.16
264,42,97.9,1.91,193,136,73,29.0,3,26.84
265,52,63.1,1.54,185,165,67,34.8,3,26.61
266,42,72.4,1.69,177,148,61,29.0,3,25.35
267,46,58.9,1.7,180,155,53,17.1,4,20.38
268,35,50.4,1.6,195,156,59,29.1,4,19.69
269,35,64.2,1.59,199,145,66,16.6,5,25.39
270,19,58.8,1.77,181,136,53,32.8,2,18.77
271,52,105.2,1.62,189,141,61,27.6,3,40.09
272,33,45.9,1.5,189,144,62,29.8,3,20.4
273,58,65.2,1.63,167,121,53,25.4,3,24.54
274,53,56.3,1.79,193,141,59,16.5,5,17.57
275,50,90.0,1.7,168,124,74,22.9,2,31.14
276,21,60.0,1.7,179,123,52,19.1,5,20.76
277,50,51.5,1.71,199,155,64,20.9,2,17.61
278,31,63.1,1.64,184,125,51,19.0,4,23.46
279,38,91.5,1.77,178,140,74,26.7,2,29.21
280,37,48.7,1.67,164,132,74,27.3,2,17.46
281,25,57.8,1.56,170,156,66,29.3,3,23.75
282,24,42.0,1.75,174,144,55,31.8,3,13.71
283,20,128.4,1.92,167,145,57,26.1,2,34.83
284,34,74.2,1.57,178,158,52,32.7,3,30.1
285,50,89.6,1.68,182,139,74,12.2,5,31.75
286,29,125.9,2.0,186,152,67,24.7,4,31.48
287,39,105.5,1.99,199,133,71,26.4,2,26.64
288,39,93.4,1.7,191,155,50,21.1,4,32.32
289,47,82.1,1.84,185,136,65,24.4,4,24.25
290,55,42.9,1.69,186,140,56,34.7,2,15.02
291,55,128.4,1.68,178,165,52,20.4,4,45.49
292,25,112.4,1.96,188,135,72,23.2,2,29.26
293,44,77.7,1.79,198,165,53,28.1,3,24.25
294,44,89.3,1.99,192,135,58,26.3,4,22.55
295,51,70.3,1.55,178,139,54,26.1,3,29.26
296,38,59.1,1.72,196,148,68,31.3,3,19.98
297,47,49.9,1.69,178,147,64,26.0,3,17.47
298,50,101.7,1.67,192,127,57,20.9,2,36.47
299,45,93.0,1.91,175,143,55,27.3,3,25.49
300,50,87.4,1.6,182,122,67,23.2,2,34.14
301,22,55.1,1.61,166,144,68,19.9,4,21.26
302,36,123.7,1.69,185,138,73,20.4,4,43.31
303,21,61.3,1.57,191,152,64,17.2,4,24.87
304,52,72.3,1.94,171,121,56,21.1,3,19.21
305,34,69.2,1.53,167,134,59,28.5,2,29.56
306,45,81.4,1.61,164,141,55,30.0,4,31.4
307,47,84.8,1.86,187,129,63,14.4,5,24.51
308,46,55.1,1.72,164,137,66,20.5,3,18.62
309,23,59.0,1.78,185,141,58,17.8,5,18.62
310,52,64.9,1.51,164,165,68,18.2,4,28.46
311,58,109.7,1.75,181,168,54,22.1,2,35.82
312,54,78.4,1.9,174,146,72,21.5,2,21.72
313,41,76.7,1.79,172,132,56,34.0,4,23.94
314,46,63.1,1.61,187,152,68,34.7,4,24.34
315,48,62.9,1.58,192,124,69,20.0,4,25.2
316,52,85.6,1.74,182,145,56,13.9,4,28.27
317,50,66.3,1.57,192,132,73,31.6,2,26.9
318,38,61.3,1.97,177,146,51,23.5,3,15.8
319,49,44.1,1.65,189,133,74,26.7,4,16.2
320,40,63.8,1.62,185,143,72,20.8,2,24.31
321,50,55.4,1.55,175,122,65,18.5,4,23.06
322,20,74.7,1.58,172,166,62,32.8,3,29.92
323,35,78.0,1.67,198,168,57,33.3,4,27.97
324,42,57.5,1.67,192,149,55,34.1,2,20.62
325,59,60.7,1.73,185,154,55,33.8,3,20.28
326,48,69.0,1.74,160,167,58,30.0,3,22.79
327,20,75.8,1.78,197,133,53,27.4,4,23.92
328,57,75.7,1.63,161,131,60,32.6,3,28.49
329,41,71.2,1.64,165,147,54,30.9,3,26.47
330,49,85.0,1.68,197,163,74,11.3,4,30.12
331,39,63.6,1.56,183,148,66,34.8,2,26.13
332,40,73.2,1.94,177,162,69,29.0,2,19.45
333,19,48.3,1.52,186,136,56,26.3,2,20.91
334,44,42.8,1.78,167,159,64,25.3,3,13.51
335,59,88.1,1.76,187,168,74,26.9,3,28.44
336,19,72.4,1.75,169,140,64,31.0,4,23.64
337,43,73.2,1.88,176,142,63,29.4,3,20.71
338,34,110.5,1.86,188,139,62,22.3,2,31.94
339,57,46.1,1.76,165,130,60,25.8,3,14.88
340,50,90.8,1.71,173,153,62,22.6,4,31.05
341,26,59.3,1.51,181,129,71,15.1,5,26.01
342,56,45.1,1.73,165,129,73,25.4,3,15.07
343,46,45.0,1.77,185,162,58,29.1,3,14.36
344,59,89.4,1.62,198,125,59,23.5,3,34.06
345,43,127.7,1.69,171,155,53,24.1,3,44.71
346,52,70.9,1.72,194,143,66,20.2,3,23.97
347,42,49.2,1.5,173,131,63,27.7,3,21.87
348,41,62.3,1.79,181,162,73,19.0,5,19.44
349,30,64.1,1.87,182,142,67,26.2,2,18.33
350,24,69.7,1.75,166,146,60,32.5,3,22.76
351,53,56.9,1.59,199,164,65,29.5,3,22.51
352,37,53.0,1.71,184,156,50,28.1,4,18.13
353,18,72.7,1.55,172,125,56,29.8,3,30.26
354,25,76.5,1.96,180,120,59,23.2,3,19.91
355,33,113.6,1.99,169,125,58,28.4,2,28.69
356,31,62.5,1.62,168,169,74,16.5,4,23.81
357,29,95.2,1.86,174,141,52,26.6,2,27.52
358,40,51.7,1.82,161,160,71,21.4,3,15.61
359,32,105.3,1.67,184,143,72,26.9,3,37.76
360,45,71.2,1.68,172,144,63,34.1,3,25.23
361,51,78.1,1.51,193,134,74,31.1,3,34.25
362,19,50.6,1.68,193,145,64,30.6,3,17.93
363,49,70.2,1.89,194,127,51,29.6,3,19.65
364,40,62.6,1.53,197,143,73,18.1,5,26.74
365,39,60.6,1.65,162,167,63,27.6,3,22.26
366,42,76.4,1.97,165,157,65,22.9,3,19.69
367,39,63.3,1.71,178,125,56,18.5,4,21.65
368,39,68.6,1.64,162,154,53,32.4,3,25.51
369,59,123.3,1.88,177,161,67,23.0,4,34.89
370,23,107.0,1.94,198,120,73,23.5,2,28.43
371,32,68.3,1.92,168,165,54,29.9,2,18.53
372,54,47.8,1.6,171,155,55,26.0,4,18.67
373,50,58.4,1.79,164,131,56,17.0,4,18.23
374,25,74.3,1.71,162,157,64,25.6,3,25.41
375,22,106.8,1.82,170,130,50,28.2,4,32.24
376,56,125.5,1.8,189,131,73,20.9,4,38.73
377,21,55.2,1.55,163,161,53,31.7,4,22.98
378,23,71.4,1.72,164,169,74,25.6,2,24.13
379,49,77.7,1.61,160,158,50,26.7,3,29.98
380,47,88.4,1.6,186,126,60,14.2,5,34.53
381,52,104.8,1.99,187,130,67,24.0,2,26.46
382,57,82.2,1.69,188,155,63,25.2,4,28.78
383,33,68.2,1.75,177,150,71,29.0,2,22.27
384,30,91.4,1.99,171,152,60,23.0,3,23.08
385,59,42.1,1.65,172,132,59,33.0,2,15.46
386,47,68.7,1.76,161,137,66,27.7,3,22.18
387,36,47.2,1.74,196,160,53,32.2,4,15.59
388,34,92.0,1.76,175,143,73,22.1,3,29.7
389,36,56.2,1.95,183,128,64,22.5,4,14.78
390,45,58.4,1.72,194,150,65,23.4,4,19.74
391,43,82.9,1.95,181,160,70,12.9,5,21.8
392,54,66.9,1.74,195,129,62,29.5,2,22.1
393,43,66.3,1.85,170,121,58,27.5,2,19.37
394,40,93.6,1.93,188,157,60,22.1,3,25.13
395,26,64.1,1.5,194,134,60,15.1,5,28.49
396,29,86.7,1.62,174,122,55,13.9,4,33.04
397,18,62.0,1.59,190,162,50,33.2,4,24.52
398,18,58.1,1.61,175,150,71,15.3,4,22.41
399,51,64.9,1.6,169,125,55,31.1,4,25.35
400,49,69.3,1.62,191,122,62,28.8,4,26.41
401,42,42.7,1.74,161,130,71,32.9,3,14.1
402,57,51.4,1.63,183,134,73,33.7,4,19.35
403,18,67.4,1.6,182,164,71,33.5,3,26.33
404,33,55.6,1.61,161,147,54,18.9,4,21.45
405,56,125.3,1.86,197,129,64,22.7,3,36.22
406,22,102.1,1.85,190,157,67,28.1,4,29.83
407,39,61.9,1.77,199,166,69,25.3,3,19.76
408,46,108.8,1.64,185,169,63,20.5,3,40.45
409,20,51.1,1.58,188,169,64,29.6,2,20.47
410,29,81.7,1.99,162,126,54,29.4,2,20.63
411,43,42.7,1.66,173,134,53,33.9,2,15.5
412,33,81.8,1.99,184,137,51,10.5,4,20.66
413,54,54.6,1.76,160,137,56,27.4,4,17.63
414,39,107.7,1.88,162,160,59,28.1,2,30.47
415,46,56.9,1.6,185,143,65,27.7,3,22.23
416,31,78.8,1.71,177,121,59,24.7,4,26.95
417,45,48.2,1.64,168,159,67,32.1,4,17.92
418,22,50.7,1.59,197,139,66,29.4,3,20.05
419,47,86.6,1.99,182,153,70,10.6,4,21.87
420,22,96.3,1.63,180,162,62,27.1,4,36.25
421,29,80.8,1.98,160,145,50,14.6,5,20.61
422,33,58.0,1.53,180,126,50,18.3,5,24.78
423,43,95.9,1.85,186,157,64,27.7,2,28.02
424,43,61.5,1.58,165,149,50,16.8,5,24.64
425,38,40.6,1.79,195,161,55,26.8,2,12.67
426,56,82.5,1.87,187,124,74,13.2,5,23.59
427,53,105.1,1.84,176,130,62,23.3,3,31.04
428,50,58.1,1.58,199,120,50,19.3,5,23.27
429,47,61.0,1.76,162,153,54,15.6,5,19.69
430,54,64.5,1.53,171,120,58,17.2,4,27.55
431,40,58.2,1.98,198,138,74,24.0,3,14.85
432,27,69.5,1.76,171,121,66,34.4,3,22.44
433,22,62.2,1.84,161,140,65,21.5,3,18.37
434,53,68.0,1.7,181,139,57,25.1,4,23.53
435,51,56.3,1.5,182,142,66,27.4,3,25.02
436,48,94.5,1.7,189,140,64,28.2,3,32.7
437,27,58.0,1.79,164,143,73,27.1,2,18.1
438,36,84.0,1.94,168,123,50,11.2,5,22.32
439,49,61.0,1.87,180,131,61,21.3,4,17.44
440,18,64.8,1.53,170,141,54,18.6,5,27.68
441,22,45.7,1.77,164,139,73,20.7,3,14.59
442,21,80.9,1.9,194,137,55,11.7,4,22.41
443,33,64.1,1.63,186,120,74,16.4,5,24.13
444,41,67.0,1.77,161,149,50,25.6,3,21.39
445,33,106.5,1.6,183,152,74,27.3,4,41.6
446,19,95.1,1.85,190,143,50,25.3,4,27.79
447,45,65.5,1.57,192,133,59,34.3,2,26.57
448,49,105.7,1.64,198,155,59,29.5,3,39.3
449,44,48.0,1.76,189,124,52,28.6,2,15.5
450,37,69.5,1.5,196,130,66,32.8,2,30.89
451,41,66.1,1.69,187,143,68,27.4,2,23.14
452,29,68.0,1.7,190,150,60,28.9,2,23.53
453,52,50.3,1.78,170,132,67,24.5,2,15.88
454,50,69.3,1.68,182,135,51,30.3,2,24.55
455,50,86.7,1.63,161,143,58,12.1,4,32.63
456,54,125.9,1.94,199,132,73,28.5,3,33.45
457,29,88.1,1.93,186,143,66,11.1,5,23.65
458,20,124.3,1.82,194,145,63,22.4,3,37.53
459,18,62.0,1.85,161,121,53,23.7,3,18.12
460,50,69.7,1.72,198,135,66,27.3,4,23.56
461,57,60.9,1.52,196,157,66,30.6,3,26.36
462,27,76.5,1.97,180,165,61,21.3,2,19.71
463,46,94.7,1.82,164,120,69,23.2,3,28.59
464,30,67.9,1.75,180,168,67,29.1,2,22.17
465,29,121.1,1.87,188,130,52,24.1,4,34.63
466,48,71.5,1.64,179,154,60,32.5,4,26.58
467,19,98.6,1.7,197,162,74,21.1,2,34.12
468,52,68.2,1.63,179,148,67,27.5,3,25.67
469,40,57.7,1.69,184,156,53,33.1,4,20.2
470,34,124.6,1.63,161,136,66,27.6,3,46.9
471,43,73.0,1.59,191,158,67,28.9,3,28.88
472,25,59.4,1.51,185,161,54,19.8,5,26.05
473,46,52.0,1.65,165,147,63,34.1,2,19.1
474,43,42.2,1.65,162,148,59,34.6,3,15.5
475,27,89.3,1.64,192,162,64,12.1,4,33.2
476,43,110.0,1.76,160,122,50,22.0,3,35.51
477,51,66.2,1.58,164,129,65,31.3,3,26.52
478,58,58.6,1.66,172,161,60,26.8,2,21.27
479,24,51.0,1.67,178,133,72,21.3,3,18.29
480,21,101.5,1.95,171,131,69,27.9,3,26.69
481,28,114.2,1.87,184,166,55,20.2,3,32.66
482,46,54.4,1.72,194,161,73,24.8,2,18.39
483,53,52.4,1.57,171,149,71,28.3,3,21.26
484,42,85.2,1.81,189,151,65,13.7,5,26.01
485,38,83.6,1.74,164,151,51,11.6,5,27.61
486,53,115.4,1.92,193,161,50,28.3,4,31.3
487,27,71.2,1.97,181,151,73,25.9,3,18.35
488,54,78.1,1.6,198,145,73,32.9,4,30.51
489,26,54.2,1.65,172,120,58,34.9,4,19.91
490,41,77.6,1.76,162,161,71,31.8,4,25.05
491,52,44.1,1.62,179,121,61,34.8,3,16.8
492,52,85.5,1.8,190,136,66,10.1,5,26.39
493,53,47.8,1.76,164,149,74,28.4,4,15.43
494,35,102.5,1.94,183,158,64,21.1,2,27.23
495,56,118.0,1.9,199,126,68,22.6,2,32.69
496,49,82.3,1.84,192,146,71,28.4,4,24.31
497,41,81.6,1.87,167,128,59,10.2,5,23.33
498,40,60.2,1.88,183,141,61,25.2,3,17.03
499,49,49.2,1.54,179,153,63,30.7,3,20.75
500,54,46.6,1.5,175,165,58,30.6,2,20.71
501,29,68.7,1.72,171,168,62,29.8,4,23.22
502,30,60.6,1.55,172,120,52,32.9,3,25.22
503,40,52.1,1.61,198,128,70,21.3,2,20.1
504,42,46.6,1.77,184,139,63,28.1,2,14.87
505,52,65.5,1.74,191,138,70,26.2,4,21.63
506,58,44.2,1.57,183,155,59,31.9,3,17.93
507,47,89.1,1.84,168,159,65,24.0,3,26.32
508,34,65.9,1.62,199,164,56,28.8,2,25.11
509,37,55.6,1.57,182,123,53,29.2,2,22.56
510,42,63.7,1.98,172,128,69,24.0,2,16.25
511,39,86.2,1.82,191,160,72,10.2,5,26.02
512,30,59.2,1.63,174,141,74,17.8,4,22.28
513,36,85.4,1.88,195,137,60,13.5,5,24.16
514,53,68.1,1.55,164,131,65,26.1,4,28.35
515,29,60.0,1.62,181,161,69,28.1,2,22.86
516,58,74.8,1.69,175,162,53,32.8,4,26.19
517,36,90.3,1.65,169,158,71,23.7,4,33.17
518,29,86.1,1.65,183,128,71,11.2,4,31.63
519,26,73.7,1.66,177,125,72,26.7,2,26.75
520,24,67.7,1.56,177,138,66,27.0,3,27.82
521,45,78.3,1.96,166,167,62,29.0,3,20.38
522,31,48.2,1.65,163,166,60,26.1,2,17.7
523,48,56.8,1.51,185,126,52,32.1,4,24.91
524,36,112.4,1.63,164,135,58,25.0,4,42.3
525,33,59.0,1.67,175,124,55,33.7,3,21.16
526,22,98.4,1.88,194,135,71,21.3,2,27.84
527,52,66.5,1.6,185,120,70,26.8,4,25.98
528,29,106.5,1.81,177,156,60,25.7,4,32.51
529,42,88.4,1.93,188,158,65,12.4,4,23.73
530,38,88.4,1.79,182,138,68,12.5,5,27.59
531,53,53.3,1.74,173,156,54,32.2,3,17.6
532,40,58.1,1.56,174,136,63,34.4,2,23.87
533,33,74.2,1.76,192,145,66,25.9,4,23.95
534,56,84.6,1.63,184,141,52,20.2,4,31.84
535,59,78.0,1.92,180,127,53,28.1,3,21.16
536,56,89.0,1.68,176,152,65,10.5,5,31.53
537,31,42.7,1.76,182,121,65,34.9,3,13.78
538,48,83.9,1.82,176,149,70,13.1,5,25.33
539,22,78.7,1.52,173,166,74,31.5,3,34.06
540,52,65.9,1.52,188,139,53,27.0,4,28.52
541,40,76.9,1.92,179,137,68,22.4,4,20.86
542,46,84.3,2.0,189,162,66,13.3,5,21.07
543,28,62.4,1.6,178,129,62,34.1,3,24.37
544,35,63.7,1.74,198,143,71,29.8,4,21.04
545,29,54.9,1.52,172,123,72,27.0,3,23.76
546,26,76.4,1.79,177,156,73,21.3,3,23.84
547,27,106.4,1.86,182,123,50,20.6,2,30.76
548,34,68.4,1.5,192,132,61,33.7,4,30.4
549,55,63.5,1.86,198,144,53,22.9,4,18.35
550,24,59.4,1.5,199,132,60,25.0,3,26.4
551,30,113.4,1.91,177,137,54,22.2,3,31.08
552,57,61.9,1.52,168,143,51,28.4,3,26.79
553,59,70.7,1.68,192,121,66,34.9,3,25.05
554,26,111.5,1.9,191,167,57,25.2,2,30.89
555,44,72.1,1.66,176,152,55,27.0,2,26.16
556,19,56.9,1.87,178,138,70,23.3,3,16.27
557,22,86.2,1.9,186,128,58,11.7,5,23.88
558,46,59.4,1.68,165,147,62,20.2,4,21.05
559,54,75.6,1.72,194,154,60,26.4,3,25.55
560,55,76.3,1.73,196,158,65,32.0,3,25.49
561,36,95.8,1.86,193,129,65,21.2,3,27.69
562,25,120.6,1.83,179,120,51,22.3,3,36.01
563,18,65.3,1.55,184,161,59,28.5,3,27.18
564,39,85.3,1.89,163,140,61,27.6,2,23.88
565,34,68.0,1.68,169,128,57,25.8,2,24.09
566,24,52.6,1.57,169,166,60,31.9,2,21.34
567,42,63.3,1.77,183,134,59,25.7,3,20.2
568,21,76.3,1.65,180,154,62,31.8,3,28.03
569,53,61.0,1.63,170,124,74,20.0,3,22.96
570,23,67.8,1.61,186,160,66,34.3,2,26.16
571,48,114.9,1.86,175,141,56,21.1,3,33.21
572,36,88.0,1.71,185,160,73,12.0,5,30.09
573,56,67.7,1.58,189,142,52,32.7,2,27.12
574,44,124.8,1.85,175,126,69,24.4,4,36.46
575,27,53.0,1.58,166,142,62,34.5,4,21.23
576,43,61.2,1.88,175,163,68,24.7,3,17.32
577,36,48.7,1.68,194,144,56,33.7,3,17.25
578,56,50.6,1.7,175,146,58,33.1,2,17.51
579,20,72.6,1.73,199,160,68,34.8,3,24.26
580,30,70.4,1.56,171,125,62,34.3,4,28.93
581,45,52.5,1.88,194,153,71,29.0,4,14.85
582,37,76.3,1.77,180,128,57,27.3,4,24.35
583,45,41.2,1.58,195,168,71,28.7,2,16.5
584,25,55.3,1.76,176,152,67,15.5,4,17.85
585,58,49.7,1.67,191,125,72,31.9,4,17.82
586,56,48.3,1.87,165,156,51,29.8,3,13.81
587,18,83.2,1.96,183,150,67,13.6,4,21.66
588,20,120.5,1.73,186,153,67,29.3,3,40.26
589,30,121.6,2.0,179,160,60,28.0,4,30.4
590,45,73.0,1.75,184,148,50,26.6,4,23.84
591,42,57.5,1.67,161,133,63,16.2,5,20.62
592,50,42.7,1.53,168,155,65,28.4,4,18.24
593,55,129.9,1.73,187,155,60,21.7,3,43.4
594,23,108.6,1.92,197,134,50,25.8,2,29.46
595,49,88.6,2.0,162,127,56,14.9,4,22.15
596,38,49.7,1.51,179,145,65,32.6,3,21.8
597,33,56.4,1.54,165,155,63,29.2,3,23.78
598,38,46.9,1.74,198,167,64,20.0,4,15.49
599,28,71.3,1.67,192,140,63,28.1,4,25.57
600,54,71.6,1.86,160,147,70,25.3,3,20.7
601,53,82.3,1.61,196,123,60,11.6,5,31.75
602,52,70.6,1.69,165,135,65,26.1,3,24.72
603,36,109.8,1.62,193,141,68,24.4,3,41.84
604,37,73.5,1.69,174,131,66,27.5,2,25.73
605,35,85.6,1.85,185,135,55,14.5,5,25.01
606,58,74.6,1.68,173,159,60,26.0,4,26.43
607,31,63.2,1.8,166,157,66,25.5,2,19.51
608,32,62.6,1.63,190,161,58,15.0,5,23.56
609,48,87.1,1.76,183,156,67,11.6,5,28.12
610,18,82.3,1.84,190,148,66,13.3,5,24.31
611,20,64.3,1.78,188,137,61,18.7,4,20.29
612,33,53.7,1.66,191,129,72,29.5,3,19.49
613,40,63.0,2.0,176,161,71,26.8,4,15.75
614,28,128.4,1.86,173,158,71,23.6,4,37.11
615,29,88.0,1.89,199,137,54,13.3,5,24.64
616,27,63.7,1.52,195,120,60,25.4,4,27.57
617,49,83.7,1.87,183,158,53,23.9,4,23.94
618,33,102.6,1.75,186,140,53,27.9,3,33.5
619,25,77.7,1.55,184,120,52,33.0,2,32.34
620,55,87.5,1.88,191,134,73,27.2,4,24.76
621,29,87.0,1.86,177,123,72,11.0,4,25.15
622,41,82.8,1.66,177,139,74,11.2,5,30.05
623,45,65.4,1.68,196,129,66,35.0,3,23.17
624,25,47.2,1.71,185,142,56,26.0,2,16.14
625,45,58.2,1.7,168,160,53,26.8,3,20.14
626,53,73.5,1.55,194,153,72,26.3,4,30.59
627,43,55.2,1.73,167,165,62,16.6,5,18.44
628,25,64.4,1.71,179,167,61,27.1,3,22.02
629,45,73.5,1.74,181,152,50,30.0,4,24.28
630,45,89.6,1.81,178,153,70,12.4,5,27.35
631,54,86.5,1.76,189,158,68,29.0,3,27.92
632,58,46.1,1.67,187,129,70,25.3,4,16.53
633,53,68.5,1.97,194,139,69,23.2,3,17.65
634,44,94.6,1.84,170,120,67,26.0,4,27.94
635,34,54.2,1.52,190,132,60,31.0,3,23.46
636,26,47.7,1.77,198,120,69,24.8,3,15.23
637,50,52.2,1.84,195,124,52,28.2,4,15.42
638,37,88.8,1.95,189,135,66,10.3,5,23.35
639,30,101.0,1.68,182,134,61,28.2,4,35.79
640,45,118.4,1.95,178,168,59,24.9,3,31.14
641,46,47.9,1.72,171,147,57,26.3,3,16.19
642,30,51.5,1.74,174,150,64,33.9,3,17.01
643,52,79.9,1.51,190,142,54,31.5,3,35.04
644,23,121.3,1.85,196,167,53,21.6,2,35.44
645,35,78.9,1.64,196,164,70,25.3,4,29.34
646,22,88.5,1.62,174,162,69,10.7,5,33.72
647,42,73.5,1.63,188,136,68,26.1,3,27.66
648,19,127.9,1.93,185,168,70,21.8,4,34.34
649,27,88.5,1.98,161,153,53,11.1,4,22.57
650,47,43.4,1.62,179,132,64,25.3,3,16.54
651,22,42.8,1.56,174,133,66,32.2,3,17.59
652,50,64.5,1.79,163,130,61,28.1,4,20.13
653,18,50.7,1.53,181,147,52,33.0,3,21.66
654,35,59.2,1.66,197,161,59,21.3,3,21.48
655,49,78.9,1.73,182,151,64,34.0,2,26.36
656,28,78.7,1.63,185,154,59,31.7,3,29.62
657,38,68.7,1.92,170,150,73,29.0,4,18.64
658,43,53.1,1.59,187,136,72,29.5,2,21.0
659,42,64.8,1.65,161,166,67,24.4,3,23.8
660,39,50.3,1.61,167,128,50,32.8,2,19.41
661,44,102.3,1.63,188,129,52,20.9,4,38.5
662,30,62.9,1.92,170,127,70,25.2,2,17.06
663,50,56.5,1.6,196,140,61,19.2,5,22.07
664,51,74.6,1.55,177,132,50,33.3,2,31.05
665,58,52.0,1.79,173,169,52,29.6,3,16.23
666,52,52.1,1.67,169,124,52,32.0,2,18.68
667,18,72.2,1.54,194,125,54,27.1,2,30.44
668,38,85.8,1.8,168,149,68,10.1,4,26.48
669,23,81.4,1.85,194,150,74,12.4,4,23.78
670,45,50.9,1.65,170,136,50,30.1,2,18.7
671,34,52.0,1.78,171,130,53,22.4,4,16.41
672,22,71.0,1.93,162,139,53,21.2,4,19.06
673,48,80.6,1.77,198,167,66,12.9,4,25.73
674,22,58.3,1.72,173,128,63,32.6,3,19.71
675,55,63.0,1.7,187,121,67,34.9,3,21.8
676,20,111.0,1.94,170,156,50,27.6,4,29.49
677,40,52.6,1.66,198,120,71,32.9,3,19.09
678,54,116.4,2.0,184,123,65,26.2,3,29.1
679,54,75.6,1.61,180,155,52,34.9,4,29.17
680,27,61.6,1.8,169,144,72,26.4,2,19.01
681,27,108.0,1.8,174,122,70,28.6,4,33.33
682,36,59.3,1.75,178,128,58,34.5,3,19.36
683,34,75.7,1.94,181,141,72,29.3,4,20.11
684,38,56.3,1.6,180,142,53,28.8,4,21.99
685,31,58.2,1.73,191,131,70,25.8,3,19.45
686,26,55.7,1.68,182,129,54,21.7,3,19.73
687,18,125.9,1.67,172,153,60,20.6,3,45.14
688,30,62.7,1.67,164,162,70,26.1,4,22.48
689,21,86.6,1.86,163,129,58,21.8,3,25.03
690,18,64.5,1.82,187,149,52,23.4,3,19.47
691,57,76.6,1.86,173,141,55,25.4,4,22.14
692,49,81.4,1.83,167,125,73,13.6,5,24.31
693,51,60.7,1.71,168,169,60,22.1,2,20.76
694,45,57.2,1.55,194,121,58,18.4,5,23.81
695,48,73.0,1.59,196,149,64,32.0,3,28.88
696,25,123.8,1.99,180,121,72,25.6,3,31.26
697,56,93.6,1.66,177,151,52,29.0,2,33.97
698,43,76.8,1.92,192,161,50,21.1,3,20.83
699,51,54.7,1.53,167,135,69,26.8,4,23.37
700,20,92.3,1.94,176,131,71,24.3,3,24.52
701,29,71.8,1.55,190,120,68,26.3,4,29.89
702,18,66.9,1.57,193,127,63,30.7,3,27.14
703,22,48.7,1.76,165,167,66,29.0,4,15.72
704,47,66.2,1.71,181,169,71,22.8,3,22.64
705,47,40.0,1.76,173,132,63,26.7,3,12.91
706,34,112.4,1.85,162,134,66,23.4,4,32.84
707,40,70.0,1.55,171,163,74,31.1,3,29.14
708,32,84.0,1.74,195,127,63,25.8,3,27.74
709,54,43.8,1.65,171,129,61,26.6,4,16.09
710,38,123.3,1.62,161,165,65,21.2,4,46.98
711,31,57.9,1.56,161,124,50,15.1,5,23.79
712,19,82.4,1.96,174,169,62,10.1,5,21.45
713,28,84.8,1.79,182,138,55,28.8,4,26.47
714,56,109.6,1.66,188,166,66,20.5,3,39.77
715,55,86.4,1.77,176,157,61,27.3,3,27.58
716,51,63.9,1.8,191,130,72,33.7,4,19.72
717,55,70.8,1.62,166,162,68,26.0,3,26.98
718,51,115.3,1.67,189,139,55,24.4,3,41.34
719,35,55.3,1.56,187,139,56,19.8,5,22.72
720,47,73.9,1.8,173,140,50,28.3,3,22.81
721,32,97.3,1.96,189,137,50,24.9,3,25.33
722,44,60.4,1.65,176,169,54,32.6,4,22.19
723,51,49.3,1.61,191,129,55,28.3,2,19.02
724,55,91.8,1.78,165,153,65,23.5,3,28.97
725,50,73.6,1.55,183,145,74,33.9,3,30.63
726,41,47.1,1.78,165,149,65,24.7,3,14.87
727,32,65.2,1.62,186,128,63,25.3,2,24.84
728,47,87.2,1.64,177,165,50,15.0,4,32.42
729,59,96.7,1.71,183,150,62,28.4,3,33.07
730,34,46.9,1.61,196,161,69,28.6,3,18.09
731,22,72.1,1.62,183,123,59,25.1,3,27.47
732,46,62.5,1.54,197,125,73,18.1,4,26.35
733,21,110.7,1.69,193,133,59,27.0,3,38.76
734,27,102.6,1.83,199,123,58,26.5,3,30.64
735,34,64.3,1.62,174,145,62,19.8,5,24.5
736,27,80.7,1.61,170,166,52,14.3,4,31.13
737,34,115.3,1.81,181,167,67,24.5,2,35.19
738,37,87.8,1.69,183,158,69,10.3,5,30.74
739,41,74.3,1.61,160,136,51,24.8,4,28.66
740,22,78.5,1.7,177,138,66,31.9,4,27.16
741,51,77.3,1.58,171,168,68,31.1,2,30.96
742,23,64.5,1.7,187,125,72,30.4,2,22.32
743,19,72.0,1.94,199,148,62,24.7,3,19.13
744,30,77.9,1.77,166,130,62,27.9,4,24.87
745,28,69.6,1.58,182,135,50,27.8,3,27.88
746,40,68.9,1.99,180,149,51,25.0,4,17.4
747,33,45.9,1.89,193,144,50,21.6,3,12.85
748,48,68.2,1.69,170,159,73,28.4,3,23.88
749,28,79.6,1.59,181,130,54,28.2,3,31.49
750,33,53.6,1.52,194,126,73,30.9,2,23.2
751,25,57.7,1.58,188,145,52,25.7,3,23.11
752,21,74.2,1.93,187,141,56,28.3,3,19.92
753,57,64.4,1.56,177,144,73,17.8,5,26.46
754,21,54.9,1.78,173,138,71,31.7,2,17.33
755,42,50.3,1.64,177,150,62,27.0,3,18.7
756,20,46.5,1.68,187,145,72,27.9,2,16.48
757,49,57.8,1.99,183,161,67,24.7,3,14.6
758,20,83.0,1.8,167,160,73,29.6,2,25.62
759,44,82.5,1.79,167,155,70,13.8,5,25.75
760,46,66.5,1.73,163,142,56,34.7,3,22.22
761,49,70.2,1.67,186,166,50,32.5,3,25.17
762,36,121.9,1.93,195,132,54,21.8,3,32.73
763,38,70.3,1.52,164,144,66,25.6,4,30.43
764,22,40.3,1.56,192,121,57,30.8,4,16.56
765,35,101.4,1.76,193,121,64,23.6,2,32.74
766,45,79.2,1.95,189,135,69,22.8,3,20.83
767,59,75.8,1.77,167,128,53,33.1,3,24.19
768,39,71.7,1.88,198,147,51,23.7,2,20.29
769,38,57.7,1.56,185,132,54,16.6,5,23.71
770,23,47.4,1.6,196,154,50,33.5,3,18.52
771,18,57.2,1.75,193,160,74,33.5,3,18.68
772,22,44.8,1.72,166,132,54,28.6,4,15.14
773,58,90.2,1.72,199,150,55,28.3,2,30.49
774,29,84.9,1.72,187,140,51,14.3,4,28.7
775,43,95.7,1.77,198,151,50,24.2,3,30.55
776,51,59.0,1.65,198,153,53,20.7,3,21.67
777,31,60.5,1.77,187,127,56,15.0,4,19.31
778,43,53.8,1.72,173,160,71,30.2,4,18.19
779,44,86.6,1.97,197,167,50,11.7,5,22.31
780,26,72.8,1.67,163,121,50,35.0,2,26.1
781,43,66.3,1.77,177,157,57,32.7,4,21.16
782,39,56.0,1.6,184,151,69,32.6,2,21.87
783,47,45.9,1.93,166,159,65,29.6,3,12.32
784,34,88.0,1.64,197,147,70,14.4,4,32.72
785,43,94.0,1.79,187,156,62,23.2,2,29.34
786,53,44.7,1.79,164,160,72,26.7,3,13.95
787,18,63.2,1.63,162,120,73,27.5,3,23.79
788,25,95.6,1.9,190,160,72,23.8,4,26.48
789,52,47.8,1.86,179,129,67,24.7,3,13.82
790,32,85.3,1.64,178,123,69,13.2,4,31.71
791,39,59.7,1.83,170,154,59,29.1,4,17.83
792,31,70.2,1.98,199,129,61,24.2,2,17.91
793,43,72.7,1.8,162,166,50,32.8,3,22.44
794,45,50.4,1.79,182,130,59,27.7,2,15.73
795,40,81.7,1.74,166,133,58,27.0,2,26.99
796,31,49.3,1.62,182,157,52,20.0,2,18.79
797,41,61.9,1.64,166,131,68,19.4,4,23.01
798,19,49.1,1.68,193,164,58,25.3,4,17.4
799,43,66.5,1.83,178,136,59,27.1,3,19.86
800,31,75.5,1.93,168,135,68,20.5,2,20.27
801,24,88.2,1.79,177,154,65,11.3,4,27.53
802,20,74.8,1.75,184,121,73,25.0,3,24.42
803,40,72.2,1.6,173,130,67,29.2,3,28.2
804,35,62.8,1.63,184,160,63,21.9,4,23.64
805,55,84.7,1.79,178,122,52,23.3,3,26.43
806,52,116.5,1.69,198,148,51,27.3,2,40.79
807,32,77.4,1.92,174,137,50,26.7,3,21.0
808,42,72.9,1.62,175,139,67,25.7,4,27.78
809,54,58.4,1.59,186,166,73,32.5,2,23.1
810,45,64.3,1.54,199,133,58,15.3,4,27.11
811,27,89.3,1.87,169,153,62,12.7,5,25.54
812,56,90.2,1.61,163,168,51,22.6,3,34.8
813,34,59.0,1.62,178,150,56,30.9,4,22.48
814,56,58.7,1.86,187,159,65,22.6,3,16.97
815,39,127.5,1.82,180,161,70,29.8,3,38.49
816,43,68.6,1.52,173,137,68,28.1,4,29.69
817,42,56.7,1.53,192,149,74,27.4,3,24.22
818,34,64.5,1.78,169,144,64,27.8,4,20.36
819,30,61.6,1.52,178,138,71,19.5,4,26.66
820,37,75.1,1.82,189,127,60,26.4,4,22.67
821,42,79.3,1.93,181,147,50,27.3,2,21.29
822,21,72.6,1.68,162,127,70,34.2,3,25.72
823,27,76.7,1.7,196,150,56,29.1,3,26.54
824,20,44.2,1.61,177,122,69,32.4,2,17.05
825,58,56.5,1.7,170,122,57,27.0,2,19.55
826,35,100.9,1.63,161,163,59,28.4,2,37.98
827,53,55.8,1.55,171,141,54,27.0,4,23.23
828,39,58.3,1.93,165,136,58,27.4,4,15.65
829,51,48.6,1.77,199,155,74,26.9,2,15.51
830,25,81.7,1.95,188,136,74,13.8,4,21.49
831,57,85.6,1.69,189,133,50,12.7,5,29.97
832,36,60.0,1.72,161,128,51,18.2,5,20.28
833,59,126.4,1.69,168,149,68,29.5,3,44.26
834,58,75.4,1.78,161,140,63,26.0,4,23.8
835,54,64.2,1.69,188,131,69,16.5,4,22.48
836,23,65.2,1.62,192,156,59,31.1,3,24.84
837,43,70.1,1.66,169,151,58,34.6,2,25.44
838,51,102.6,1.77,193,130,59,21.0,2,32.75
839,23,107.2,1.93,167,139,55,20.2,4,28.78
840,54,56.5,1.75,196,154,66,15.3,5,18.45
841,50,61.6,1.75,192,166,74,25.5,4,20.11
842,39,81.7,1.75,165,165,55,29.1,4,26.68
843,38,76.6,1.58,199,130,53,32.2,2,30.68
844,23,116.8,1.79,178,127,69,26.8,4,36.45
845,23,60.1,1.59,191,123,52,17.6,4,23.77
846,21,93.7,1.73,186,146,72,27.8,2,31.31
847,47,41.6,1.58,160,163,68,26.6,4,16.66
848,28,55.1,1.79,192,159,67,17.0,5,17.2
849,47,127.1,1.76,199,157,73,24.9,2,41.03
850,48,69.1,1.6,191,166,53,26.1,4,26.99
851,41,66.8,1.74,164,149,57,29.2,3,22.06
852,26,125.5,1.76,176,163,66,23.2,4,40.52
853,20,71.3,1.58,167,167,54,25.4,3,28.56
854,48,129.2,1.61,193,167,62,21.4,4,49.84
855,57,96.3,1.86,168,146,74,27.6,3,27.84
856,54,67.5,1.54,182,140,50,25.2,3,28.46
857,53,64.4,1.55,194,139,62,19.7,4,26.81
858,41,64.9,1.57,166,123,53,25.9,4,26.33
859,48,52.3,1.66,174,130,71,33.0,3,18.98
860,23,56.7,1.55,179,132,73,34.0,4,23.6
861,19,46.8,1.63,184,128,63,34.4,4,17.61
862,37,70.3,1.77,162,123,52,33.7,2,22.44
863,45,80.8,1.76,183,131,54,11.4,4,26.08
864,28,56.0,1.5,193,128,56,16.7,5,24.89
865,21,101.2,1.84,181,132,50,24.3,2,29.89
866,32,56.6,1.57,170,167,72,15.7,4,22.96
867,23,40.9,1.75,167,145,61,25.2,3,13.36
868,47,127.8,1.65,198,157,60,28.7,2,46.94
869,55,49.3,1.76,194,161,73,30.5,2,15.92
870,19,64.3,1.63,197,132,57,18.0,5,24.2
871,32,49.3,1.62,167,158,74,29.3,3,18.79
872,28,63.0,1.62,196,147,55,31.7,2,24.01
873,25,41.1,1.67,186,138,71,31.9,3,14.74
874,43,40.5,1.74,187,143,51,32.9,3,13.38
875,22,71.0,1.62,199,138,68,21.2,2,27.05
876,23,60.9,1.62,193,168,69,16.8,5,23.21
877,43,64.7,1.66,191,132,69,19.8,4,23.48
878,21,51.0,1.71,174,132,73,34.2,3,17.44
879,36,57.7,1.77,176,147,63,19.4,4,18.42
880,37,76.9,1.82,192,121,50,24.5,4,23.22
881,50,80.5,1.77,175,129,59,14.3,4,25.7
882,37,73.3,1.74,188,141,65,25.5,3,24.21
883,29,49.0,1.57,168,132,53,26.5,3,19.88
884,18,114.5,1.97,192,128,60,24.1,3,29.5
885,43,81.0,1.78,188,152,65,12.4,5,25.56
886,31,53.5,1.76,172,133,69,27.6,4,17.27
887,55,52.1,1.68,180,167,50,23.6,3,18.46
888,54,70.1,1.52,180,139,65,26.6,2,30.34
889,28,86.9,1.78,164,134,68,24.9,4,27.43
890,53,73.4,1.76,169,151,70,27.9,3,23.7
891,30,90.0,1.66,165,152,71,26.6,4,32.66
892,20,85.7,1.92,172,136,58,10.5,5,23.25
893,50,70.4,1.55,160,143,58,29.9,2,29.3
894,23,57.7,1.71,179,149,58,27.0,3,19.73
895,27,75.7,1.76,167,132,66,25.3,3,24.44
896,22,61.8,1.52,169,166,61,17.0,5,26.75
897,40,80.3,1.76,168,167,74,13.1,5,25.92
898,27,104.3,1.68,162,135,62,29.7,3,36.95
899,19,65.7,1.58,170,121,57,25.9,3,26.32
900,30,120.3,1.96,171,136,65,23.9,2,31.32
901,57,51.9,1.57,169,151,67,29.1,3,21.06
902,19,59.1,1.57,184,162,50,17.9,5,23.98
903,37,66.9,1.75,184,127,50,26.5,4,21.84
904,18,66.9,1.75,170,122,61,26.8,2,21.84
905,54,78.7,1.66,195,131,55,22.9,3,28.56
906,26,62.4,1.61,198,139,58,19.8,4,24.07
907,34,102.1,1.71,185,135,72,27.3,2,34.92
908,26,51.9,2.0,173,133,54,26.6,2,12.97
909,28,58.3,2.0,198,135,65,28.2,4,14.57
910,32,89.8,1.92,199,168,67,10.6,4,24.36
911,41,101.1,1.83,160,162,66,28.6,2,30.19
912,55,118.6,1.72,163,168,67,25.9,3,40.09
913,52,84.8,1.85,189,152,50,23.4,2,24.78
914,47,80.0,1.77,171,149,68,28.2,3,25.54
915,48,73.1,1.83,194,131,71,28.0,4,21.83
916,22,117.3,1.68,172,134,57,28.5,3,41.56
917,31,77.4,1.71,190,137,52,26.2,4,26.47
918,28,72.9,1.67,197,147,74,34.7,3,26.14
919,26,71.2,1.5,182,142,54,34.6,2,31.64
920,51,88.2,1.62,163,133,72,11.8,4,33.61
921,29,75.6,1.8,175,149,57,25.7,4,23.33
922,52,57.9,1.56,166,152,68,15.8,4,23.79
923,52,70.6,1.58,181,164,67,34.9,3,28.28
924,18,118.6,1.64,188,134,67,25.6,3,44.1
925,57,55.7,1.99,170,126,70,23.6,3,14.07
926,39,102.3,1.94,192,134,50,22.9,3,27.18
927,46,72.6,1.87,188,161,64,22.6,4,20.76
928,25,63.8,1.68,198,165,67,31.6,2,22.6
929,28,67.3,1.67,171,157,74,29.2,3,24.13
930,58,59.3,1.58,166,165,56,19.8,4,23.75
931,54,70.7,1.57,198,163,65,31.8,3,28.68
932,31,86.9,1.69,185,130,65,14.0,4,30.43
933,47,98.2,1.9,199,148,64,22.9,3,27.2
934,52,63.6,1.62,168,150,55,20.8,4,24.23
935,38,45.2,1.68,193,144,58,29.9,3,16.01
936,54,117.2,1.62,172,143,56,23.1,4,44.66
937,22,107.4,1.74,195,138,63,22.0,2,35.47
938,36,59.1,1.78,184,121,60,34.5,2,18.65
939,31,53.3,1.64,183,141,70,29.4,3,19.82
940,43,46.2,1.63,176,139,65,21.7,2,17.39
941,21,67.0,1.61,161,152,74,22.0,3,25.85
942,42,86.3,1.77,172,127,55,11.4,4,27.55
943,59,85.5,1.67,190,144,71,15.0,5,30.66
944,42,70.2,1.87,188,165,65,22.7,3,20.07
945,35,127.1,1.62,187,128,69,23.3,4,48.43
946,57,75.6,1.67,186,153,65,31.6,3,27.11
947,25,62.6,1.65,174,142,61,27.9,3,22.99
948,56,55.7,1.53,190,124,66,16.1,5,23.79
949,57,96.1,1.74,199,144,54,21.6,3,31.74
950,31,76.7,1.62,174,127,74,28.1,4,29.23
951,49,57.2,1.89,192,135,62,21.1,2,16.01
952,55,69.9,1.81,179,167,57,20.2,4,21.34
953,50,67.9,1.77,171,164,73,33.0,3,21.67
954,40,87.9,1.87,196,134,54,10.7,5,25.14
955,32,102.8,1.98,168,120,61,27.8,3,26.22
956,50,51.8,1.5,182,141,58,33.0,3,23.02
957,42,57.7,1.57,167,122,52,17.7,4,23.41
958,34,66.5,1.69,191,157,52,28.1,3,23.28
959,50,95.4,1.61,173,133,50,21.5,4,36.8
960,19,69.2,1.6,186,155,74,32.4,3,27.03
961,31,66.6,1.67,184,137,71,31.0,4,23.88
962,57,83.4,1.65,172,166,67,13.3,4,30.63
963,57,43.8,1.75,180,160,73,25.1,2,14.3
964,56,64.2,1.69,190,137,61,19.6,5,22.48
965,23,44.1,1.62,196,122,58,25.7,2,16.8
966,23,87.3,1.91,164,129,58,11.8,5,23.93
967,20,55.0,1.6,172,168,67,24.0,4,21.48
968,24,87.1,1.74,187,158,67,10.0,4,28.77
969,25,66.6,1.61,184,166,56,25.0,2,25.69
970,59,60.4,1.76,194,120,53,18.8,5,19.5
971,32,126.4,1.83,198,146,62,28.2,3,37.74
972,46,88.7,1.63,166,146,66,28.8,2,33.38
